date	away	home	opening_spread	away_ML	home_ML
20171017	Boston	Cleveland	-3	+155	-175
20171017	Houston	Golden State	-9	+385	-485
20171018	Brooklyn	Indiana	-3.5	+145	-165
20171018	Miami	Orlando	+3	-150	+130
20171018	Milwaukee	Boston	-5.5	+205	-245
20171018	Atlanta	Dallas	-6.5	+220	-260
20171018	Minnesota	San Antonio	-1	+105	-125
20171018	Philadelphia	Washington	-7	+255	-310
20171018	Charlotte	Detroit	-3	+145	-165
20171018	New Orleans	Memphis	-3	+135	-155
20171018	Denver	Utah	-2	+110	-130
20171018	Houston	Sacramento	+8.5	-360	+300
20171018	Portland	Phoenix	+1	-123	+103
20171019	Chicago	Toronto	-11	+750	-950
20171019	New York	Oklahoma City	-11	+575	-850
20171019	L.A. Clippers	L.A. Lakers	+4.5	-195	+180
20171020	Boston	Philadelphia	+1	+105	-125
20171020	Detroit	Washington	-6.5	+200	-240
20171020	Portland	Indiana	+3.5	-165	+145
20171020	Utah	Minnesota	-5.5	+165	-190
20171020	Golden State	New Orleans	+6.5	-320	+260
20171020	Atlanta	Charlotte	-6	+200	-240
20171020	Cleveland	Milwaukee	+1.5	-135	+115
20171020	Orlando	Brooklyn	-1.5	+105	-125
20171020	Sacramento	Dallas	-5.5	+180	-220
20171020	L.A. Lakers	Phoenix	-3	+130	-150
20171021	Philadelphia	Toronto	-7.5	+415	-525
20171021	Dallas	Houston	-10.5	+700	-1100
20171021	Indiana	Miami	-8.5	+425	-550
20171021	Golden State	Memphis	+7.5	-440	+350
20171021	Sacramento	Denver	-11	+500	-700
20171021	Orlando	Cleveland	-11	+600	-900
20171021	Detroit	New York	+1.5	-125	+105
20171021	San Antonio	Chicago	+8	-550	+425
20171021	Portland	Milwaukee	-4.5	+145	-165
20171021	Oklahoma City	Utah	+4	-210	+175
20171021	Phoenix	L.A. Clippers	-11.5	+800	-1250
20171022	Atlanta	Brooklyn	-2.5	+125	-135
20171022	Minnesota	Oklahoma City	-4.5	+165	-175
20171022	New Orleans	L.A. Lakers	+4	-175	+155
20171023	Philadelphia	Detroit	-4.5	+145	-155
20171023	Memphis	Houston	-8	+250	-300
20171023	Golden State	Dallas	+10.5	-750	+600
20171023	Washington	Denver	-3.5	+135	-145
20171023	Atlanta	Miami	-9	+500	-700
20171023	Charlotte	Milwaukee	-6	+235	-255
20171023	Toronto	San Antonio	-2.5	+135	-145
20171023	Sacramento	Phoenix	-2	+110	-120
20171024	Brooklyn	Orlando	-3.5	+160	-185
20171024	New York	Boston	-9	+310	-370
20171024	New Orleans	Portland	-4.5	+173	-205
20171024	Chicago	Cleveland	-14	+1000	-1500
20171024	Indiana	Minnesota	-11	+525	-750
20171024	Utah	L.A. Clippers	-3.5	+165	-190
20171025	Minnesota	Detroit	+1.5	-118	+108
20171025	Denver	Charlotte	+1.5	-125	+105
20171025	San Antonio	Miami	+3.5	-165	+145
20171025	Memphis	Dallas	+5	-190	+165
20171025	Washington	L.A. Lakers	+6	-245	+205
20171025	Houston	Philadelphia	+3.5	-150	+130
20171025	Cleveland	Brooklyn	+7	-270	+230
20171025	Indiana	Oklahoma City	-14.5	+850	-1300
20171025	Utah	Phoenix	+6	-210	+175
20171025	Toronto	Golden State	-12.5	+725	-925
20171026	Dallas	Memphis	-8	+280	-340
20171026	Atlanta	Chicago	-2.5	+125	-145
20171026	Boston	Milwaukee	-4.5	+155	-175
20171026	L.A. Clippers	Portland	-2	+110	-130
20171026	New Orleans	Sacramento	-2	+110	-130
20171027	San Antonio	Orlando	+5.5	-220	+180
20171027	Brooklyn	New York	-2	+120	-140
20171027	Oklahoma City	Minnesota	+2.5	-155	+135
20171027	Houston	Charlotte	+2.5	-140	+120
20171027	Denver	Atlanta	+8.5	-320	+260
20171027	Toronto	L.A. Lakers	+6.5	-235	+195
20171027	Washington	Golden State	-10.5	+425	-550
20171028	Cleveland	New Orleans	+4	-170	+150
20171028	Boston	Miami	+1.5	-123	+103
20171028	Philadelphia	Dallas	+1	-117	-103
20171028	Phoenix	Portland	-10.5	+450	-600
20171028	Houston	Memphis	-1	-103	-117
20171028	Oklahoma City	Chicago	+8.5	-380	+315
20171028	L.A. Lakers	Utah	-10	-112	+102
20171028	Detroit	L.A. Clippers	-7	+245	-290
20171029	Milwaukee	Atlanta	+5.5	-210	+175
20171029	Orlando	Charlotte	-3.5	+140	-160
20171029	Denver	Brooklyn	+4.5	-175	+155
20171029	San Antonio	Indiana	+7	-280	+240
20171029	Washington	Sacramento	+6	-190	+175
20171029	New York	Cleveland	-9.5	+375	-470
20171029	Detroit	Golden State	-13	+975	-1175
20171030	San Antonio	Boston	-3	+145	-165
20171030	Minnesota	Miami	+1.5	-150	+130
20171030	Orlando	New Orleans	-7.5	+270	-330
20171030	Dallas	Utah	-7.5	+255	-310
20171030	Denver	New York	+3.5	-160	+140
20171030	Charlotte	Memphis	-7	+205	-245
20171030	Philadelphia	Houston	-6	+205	-245
20171030	Toronto	Portland	-2	+110	-130
20171030	Golden State	L.A. Clippers	+4.5	-200	+170
20171031	Sacramento	Indiana	-6	+175	-210
20171031	Oklahoma City	Milwaukee	+1	-125	+105
20171031	Phoenix	Brooklyn	-3	+155	-175
20171031	Detroit	L.A. Lakers	+4.5	-160	+140
20171101	Phoenix	Washington	-13	+750	-950
20171101	Atlanta	Philadelphia	-8.5	+325	-360
20171101	Sacramento	Boston	-12.5	+800	-1000
20171101	Orlando	Memphis	-4	+145	-165
20171101	Minnesota	New Orleans	-1.5	+115	-125
20171101	Portland	Utah	-4	+160	-170
20171101	Milwaukee	Charlotte	-3	+140	-160
20171101	Indiana	Cleveland	-11	+450	-600
20171101	Chicago	Miami	-9.5	+400	-500
20171101	Houston	New York	+5	-200	+185
20171101	Toronto	Denver	-1	+110	-120
20171101	Dallas	L.A. Clippers	-9	+380	-475
20171102	Golden State	San Antonio	+6.5	-265	+225
20171102	L.A. Lakers	Portland	-8.5	+220	-260
20171103	Cleveland	Washington	-3.5	+155	-165
20171103	Milwaukee	Detroit	-2	-102	-118
20171103	Houston	Atlanta	+8	-330	+270
20171103	Charlotte	San Antonio	-3	+125	-145
20171103	Toronto	Utah	-1	+103	-123
20171103	Boston	Oklahoma City	-5.5	+180	-220
20171103	Chicago	Orlando	-8	+270	-330
20171103	Indiana	Philadelphia	-6	+215	-235
20171103	Phoenix	New York	-4	+150	-160
20171103	New Orleans	Dallas	+4.5	-190	+165
20171103	Miami	Denver	-5	+170	-200
20171103	Brooklyn	L.A. Lakers	-2	+125	-145
20171104	Memphis	L.A. Clippers	-5.5	+205	-225
20171104	New Orleans	Chicago	+7	-240	+200
20171104	Sacramento	Detroit	-8.5	+350	-440
20171104	Dallas	Minnesota	-12.5	+800	-1250
20171104	Golden State	Denver	+7.5	-380	+315
20171105	Atlanta	Cleveland	-13.5	+650	-1000
20171105	Washington	Toronto	-5	+175	-210
20171105	Utah	Houston	-7	+220	-240
20171105	Indiana	New York	-2	+120	-130
20171105	Oklahoma City	Portland	+3	-135	+125
20171105	Miami	L.A. Clippers	-58.5	+180	-220
20171105	Boston	Orlando	+3	-155	+135
20171105	Phoenix	San Antonio	-10.5	+475	-650
20171105	Charlotte	Minnesota	-5	+180	-220
20171105	Memphis	L.A. Lakers	+1.5	-118	+108
20171106	Boston	Atlanta	+8	-340	+280
20171106	Brooklyn	Phoenix	-1	+100	-120
20171106	Miami	Golden State	-16.5	+1300	-1650
20171107	Milwaukee	Cleveland	-4	+155	-165
20171107	New Orleans	Indiana	-1	-102	-118
20171107	Charlotte	New York	+1	-105	-105
20171107	Philadelphia	Utah	-7	+235	-275
20171107	Memphis	Portland	-3.5	+140	-160
20171107	Dallas	Washington	-11	+470	-555
20171107	Chicago	Toronto	-11	+535	-650
20171107	L.A. Clippers	San Antonio	-3	+150	-160
20171107	Brooklyn	Denver	-11.5	+635	-800
20171107	Oklahoma City	Sacramento	+11	-525	+450
20171108	New York	Orlando	-5	+175	-210
20171108	L.A. Lakers	Boston	-9	+310	-370
20171108	Indiana	Detroit	-6.5	+255	-310
20171108	Miami	Phoenix	+5.5	-210	+175
20171108	Minnesota	Golden State	-10.5	+475	-650
20171109	L.A. Lakers	Washington	-10	+455	-530
20171109	Cleveland	Houston	-5.5	+170	-200
20171109	New Orleans	Toronto	-4.5	+170	-200
20171109	Philadelphia	Sacramento	+6.5	-260	+220
20171109	Oklahoma City	Denver	0	-117	-103
20171110	Atlanta	Detroit	-8.5	+300	-360
20171110	Indiana	Chicago	+4	-175	+155
20171110	Orlando	Phoenix	+3	-165	+145
20171110	L.A. Clippers	Oklahoma City	-6	+200	-240
20171110	Charlotte	Boston	-4	+160	-170
20171110	Milwaukee	San Antonio	-4.5	+160	-185
20171110	Miami	Utah	-3	+130	-150
20171110	Brooklyn	Portland	-8.5	+305	-365
20171111	Atlanta	Washington	-11	+475	-650
20171111	Memphis	Houston	-5.5	+200	-240
20171111	Cleveland	Dallas	+5.5	-220	+180
20171111	Philadelphia	Golden State	-14	+1000	-1500
20171111	Orlando	Denver	-8	+260	-320
20171111	L.A. Clippers	New Orleans	-5.5	+240	-280
20171111	Sacramento	New York	-4.5	+175	-210
20171111	L.A. Lakers	Milwaukee	-5	+190	-230
20171111	Chicago	San Antonio	-12	+475	-650
20171111	Brooklyn	Utah	-9	+300	-360
20171111	Minnesota	Phoenix	+9.5	-420	+335
20171112	Toronto	Boston	+2.5	-125	+105
20171112	Houston	Indiana	+2.5	-145	+125
20171112	Miami	Detroit	-3	+130	-150
20171112	Dallas	Oklahoma City	-12	+635	-800
20171113	Sacramento	Washington	-11.5	+600	-900
20171113	Memphis	Milwaukee	-3	+150	-170
20171113	Minnesota	Utah	+3.5	-160	+140
20171113	Denver	Portland	-2	+100	-120
20171113	Cleveland	New York	+3.5	-190	+165
20171113	Atlanta	New Orleans	-9.5	+360	-450
20171113	L.A. Lakers	Phoenix	+1	+105	-125
20171113	Philadelphia	L.A. Clippers	-2	-102	-118
20171113	Orlando	Golden State	-14.5	+650	-1000
20171114	Boston	Brooklyn	+7.5	-270	+248
20171114	Toronto	Houston	-6	+215	-255
20171114	San Antonio	Dallas	+6.5	-255	+215
20171115	Washington	Miami	-1.5	-102	-118
20171115	Sacramento	Atlanta	-3.5	+145	-165
20171115	Cleveland	Charlotte	-1.5	-125	+105
20171115	Chicago	Oklahoma City	-12	+600	-900
20171115	Detroit	Milwaukee	-4	+150	-170
20171115	Utah	New York	-4	+150	-170
20171115	San Antonio	Minnesota	-5	+175	-210
20171115	Toronto	New Orleans	-3.5	+145	-165
20171115	Indiana	Memphis	-4.5	+160	-185
20171115	Orlando	Portland	-5.5	+175	-210
20171115	Philadelphia	L.A. Lakers	+2.5	-155	+135
20171116	Golden State	Boston	+6.5	-270	+230
20171116	Houston	Phoenix	+11.5	-900	+600
20171117	Detroit	Indiana	-1.5	+110	-130
20171117	New York	Toronto	-7.5	+275	-335
20171117	Utah	Brooklyn	+1.5	-123	+103
20171117	Charlotte	Chicago	+7	-270	+230
20171117	Portland	Sacramento	+8	-300	+250
20171117	Miami	Washington	-4.5	+158	-180
20171117	L.A. Clippers	Cleveland	-6.5	+225	-265
20171117	Oklahoma City	San Antonio	0	-110	-110
20171117	Minnesota	Dallas	+7.5	-265	+225
20171117	New Orleans	Denver	-4	+158	-180
20171117	Phoenix	L.A. Lakers	-6	+225	-265
20171118	L.A. Clippers	Charlotte	-4.5	+165	-190
20171118	Golden State	Philadelphia	+8.5	-380	+315
20171118	Houston	Memphis	+6	-275	+235
20171118	Utah	Orlando	-6.5	+250	-300
20171118	Boston	Atlanta	+6.5	-265	+225
20171118	Milwaukee	Dallas	+7.5	-320	+260
20171118	Sacramento	Portland	-11.5	+650	-1000
20171119	Washington	Toronto	-5.5	+200	-240
20171119	Golden State	Brooklyn	+13	-1000	+650
20171119	Chicago	Phoenix	-2.5	+135	-155
20171119	Indiana	Miami	-3	+160	-185
20171119	Detroit	Minnesota	-5	+190	-230
20171119	Denver	L.A. Lakers	+5	-200	+170
20171120	Utah	Philadelphia	-7	+265	-295
20171120	Minnesota	Charlotte	-1.5	+120	-130
20171120	L.A. Clippers	New York	-1.5	+105	-125
20171120	Washington	Milwaukee	-5	+175	-210
20171120	Atlanta	San Antonio	-9	+390	-440
20171120	Cleveland	Detroit	+2.5	-130	+120
20171120	Indiana	Orlando	-3.5	+140	-160
20171120	Portland	Memphis	+1	-135	+115
20171120	Oklahoma City	New Orleans	+2.5	-140	+130
20171120	Boston	Dallas	+8	-335	+305
20171120	Denver	Sacramento	+7.5	-255	+235
20171121	Chicago	L.A. Lakers	-5.5	+185	-225
20171122	Washington	Charlotte	-2.5	+115	-135
20171122	Portland	Philadelphia	-3	+150	-170
20171122	Toronto	New York	+4	-170	+150
20171122	Orlando	Minnesota	-7	+250	-300
20171122	Denver	Houston	-9.5	+385	-485
20171122	San Antonio	New Orleans	-2	+110	-130
20171122	Milwaukee	Phoenix	+5	-210	+175
20171122	Brooklyn	Cleveland	-11	+575	-850
20171122	L.A. Clippers	Atlanta	+3	-155	+135
20171122	Boston	Miami	+3	-150	+130
20171122	Golden State	Oklahoma City	+4.5	-210	+175
20171122	Dallas	Memphis	-5.5	+190	-230
20171122	Chicago	Utah	-8.5	+360	-450
20171122	L.A. Lakers	Sacramento	+1	-117	-103
20171124	Portland	Brooklyn	+3.5	-165	+145
20171124	Orlando	Boston	-8.5	+315	-380
20171124	Miami	Minnesota	-4	+150	-170
20171124	Charlotte	Cleveland	-5.5	+170	-230
20171124	New Orleans	Phoenix	+6	-235	+195
20171124	New York	Atlanta	+2	-135	+115
20171124	Detroit	Oklahoma City	-8	+275	-335
20171124	Toronto	Indiana	0	-123	+103
20171124	Memphis	Denver	-6	+205	-245
20171124	Chicago	Golden State	-19.5	+1025	-1250
20171125	Orlando	Philadelphia	-4	+175	-210
20171125	Portland	Washington	-3.5	+160	-185
20171125	Boston	Indiana	+2	-150	+140
20171125	New Orleans	Golden State	-13	+635	-800
20171125	Milwaukee	Utah	+1.5	-123	+103
20171125	San Antonio	Charlotte	+1	-117	-103
20171125	Toronto	Atlanta	+7	-240	+220
20171125	New York	Houston	-13	+1100	-1400
20171125	Oklahoma City	Dallas	+6	-210	+175
20171125	L.A. Clippers	Sacramento	+4.5	-175	+155
20171126	Miami	Chicago	+6.5	-260	+180
20171126	Phoenix	Minnesota	-11.5	+570	-705
20171126	Brooklyn	Memphis	-5.5	+180	-220
20171127	Orlando	Indiana	-4	+155	-165
20171127	Portland	New York	+1.5	-123	+103
20171127	Brooklyn	Houston	-16	+1400	-2500
20171127	Sacramento	Golden State	-14.5	+900	-1100
20171127	Cleveland	Philadelphia	+2	-113	+103
20171127	Detroit	Boston	-6.5	+220	-260
20171127	Dallas	San Antonio	-9.5	+360	-450
20171127	L.A. Lakers	L.A. Clippers	-4.5	+165	-190
20171128	Miami	Cleveland	-3.5	+145	-165
20171128	Phoenix	Chicago	0	+103	-123
20171128	Washington	Minnesota	-5.5	+185	-200
20171128	Denver	Utah	-1.5	+105	-125
20171128	Milwaukee	Sacramento	+7	-300	+250
20171129	Washington	Philadelphia	-5	+185	-200
20171129	Oklahoma City	Orlando	+6	-230	+190
20171129	Miami	New York	+1	-117	-103
20171129	Minnesota	New Orleans	-5	+175	-210
20171129	Brooklyn	Dallas	-4.5	+190	-210
20171129	Phoenix	Detroit	-12	+650	-1000
20171129	Charlotte	Toronto	-8	+300	-360
20171129	Indiana	Houston	-12	+600	-750
20171129	Memphis	San Antonio	-8	+290	-350
20171129	Golden State	L.A. Lakers	+10	-600	+450
20171130	Philadelphia	Boston	-9	+325	-400
20171130	Chicago	Denver	-12	+575	-850
20171130	Cleveland	Atlanta	+7.5	-320	+260
20171130	Milwaukee	Portland	-2	+130	-150
20171130	Utah	L.A. Clippers	+1	-130	+110
20171201	Detroit	Washington	+1	-118	+108
20171201	Indiana	Toronto	-6.5	+245	-290
20171201	San Antonio	Memphis	+4	-170	+150
20171201	Charlotte	Miami	-2	+115	-125
20171201	Golden State	Orlando	+11	-650	+475
20171201	Minnesota	Oklahoma City	-4.5	+160	-185
20171201	Sacramento	Chicago	+1.5	-125	+105
20171201	New Orleans	Utah	+2.5	-135	+115
20171202	Phoenix	Boston	-13	+800	-1250
20171202	Atlanta	Brooklyn	-4	+160	-185
20171202	Memphis	Cleveland	-11.5	+550	-800
20171202	L.A. Lakers	Denver	-5.5	+167	-178
20171202	L.A. Clippers	Dallas	-5	+175	-210
20171202	Detroit	Philadelphia	-5	+175	-210
20171202	Sacramento	Milwaukee	-11.5	+550	-800
20171202	New Orleans	Portland	-4	+225	-245
20171203	Orlando	New York	-1.5	+110	-120
20171203	L.A. Clippers	Minnesota	-11.5	+625	-950
20171203	Golden State	Miami	+10.5	-475	+420
20171203	San Antonio	Oklahoma City	-4.5	+155	-175
20171203	Houston	L.A. Lakers	+11	-900	+600
20171204	New York	Indiana	-9.5	+420	-475
20171204	Phoenix	Philadelphia	-10.5	+500	-700
20171204	Brooklyn	Atlanta	-2	+110	-130
20171204	Minnesota	Memphis	+2	-145	+125
20171204	Denver	Dallas	-2.5	+130	-150
20171204	Orlando	Charlotte	-8	+265	-325
20171204	Milwaukee	Boston	-6	+185	-225
20171204	Cleveland	Chicago	+9	-430	+345
20171204	Golden State	New Orleans	+9.5	-430	+345
20171204	Detroit	San Antonio	-3.5	+145	-165
20171204	Washington	Utah	-3	+130	-150
20171205	Phoenix	Toronto	-13.5	+700	-1100
20171205	Utah	Oklahoma City	-7	+255	-280
20171205	Washington	Portland	-5.5	+190	-230
20171206	Atlanta	Orlando	-6	+205	-245
20171206	Sacramento	Cleveland	-12.5	+700	-1100
20171206	Dallas	Boston	-9	+325	-400
20171206	Golden State	Charlotte	+5	-210	+175
20171206	Miami	San Antonio	-7.5	+275	-335
20171206	Chicago	Indiana	-9.5	+360	-450
20171206	Memphis	New York	-2.5	+120	-140
20171206	Denver	New Orleans	-4	+160	-185
20171206	Detroit	Milwaukee	-3	+130	-150
20171206	Minnesota	L.A. Clippers	+5.5	-225	+185
20171207	L.A. Lakers	Philadelphia	-8	+260	-320
20171207	Oklahoma City	Brooklyn	+7.5	-300	+250
20171207	Washington	Phoenix	+7.5	-350	+290
20171207	Houston	Utah	+5	-225	+185
20171208	Chicago	Charlotte	-11	+380	-475
20171208	Denver	Orlando	-1	+105	-125
20171208	Sacramento	New Orleans	-7.5	+255	-310
20171208	Toronto	Memphis	+5	-225	+185
20171208	Cleveland	Indiana	+2	-165	+145
20171208	Golden State	Detroit	+5.5	-220	+180
20171208	Dallas	Milwaukee	-5	+210	-250
20171208	Boston	San Antonio	-1	+110	-130
20171209	Washington	L.A. Clippers	+2.5	-140	+130
20171209	L.A. Lakers	Charlotte	-5.5	+175	-190
20171209	Philadelphia	Cleveland	-5	+260	-320
20171209	Utah	Milwaukee	-3	+135	-155
20171209	Oklahoma City	Memphis	+5	-200	+170
20171209	Miami	Brooklyn	+2	-130	+110
20171209	Orlando	Atlanta	-2	+160	-185
20171209	New York	Chicago	+4	-170	+150
20171209	San Antonio	Phoenix	+8.5	-280	+255
20171209	Houston	Portland	+9	-390	+320
20171210	Toronto	Sacramento	+7	-290	+245
20171210	Denver	Indiana	-6.5	+220	-260
20171210	Philadelphia	New Orleans	-4.5	+155	-175
20171210	Boston	Detroit	+1	-117	-103
20171210	Dallas	Minnesota	-8	+300	-360
20171210	Atlanta	New York	-6	+210	-250
20171211	Boston	Chicago	+7.5	-290	+245
20171211	New Orleans	Houston	-12	+525	-750
20171211	Portland	Golden State	-11.5	+485	-670
20171211	Miami	Memphis	-1.5	+105	-125
20171211	Charlotte	Oklahoma City	-6	+225	-265
20171211	Toronto	L.A. Clippers	+5.5	-210	+175
20171212	Atlanta	Cleveland	-11	+525	-750
20171212	L.A. Lakers	New York	-3.5	+145	-155
20171212	San Antonio	Dallas	+6	-240	+200
20171212	Denver	Detroit	-7	+240	-280
20171212	Washington	Brooklyn	+3	-145	+135
20171212	Philadelphia	Minnesota	-6.5	+185	-225
20171212	Phoenix	Sacramento	-4	+165	-175
20171213	L.A. Clippers	Orlando	-1.5	+105	-125
20171213	Oklahoma City	Indiana	-1.5	+103	-123
20171213	Portland	Miami	-2.5	+130	-150
20171213	Milwaukee	New Orleans	-2	+115	-135
20171213	Memphis	Washington	-7	+250	-300
20171213	Denver	Boston	-7.5	+270	-330
20171213	Utah	Chicago	+4	-170	+150
20171213	Toronto	Phoenix	+10.5	-750	+525
20171213	Charlotte	Houston	-12.5	+575	-850
20171214	Detroit	Atlanta	+4	-155	+135
20171214	L.A. Lakers	Cleveland	-10	+400	-500
20171214	New York	Brooklyn	0	+105	-125
20171214	Sacramento	Minnesota	-10	+360	-450
20171214	Dallas	Golden State	-12	+550	-800
20171215	Detroit	Indiana	-4.5	+160	-185
20171215	L.A. Clippers	Washington	-9.5	+380	-475
20171215	Oklahoma City	Philadelphia	-2	+105	-125
20171215	Brooklyn	Toronto	-11	+540	-660
20171215	Atlanta	Memphis	-6.5	+190	-230
20171215	Miami	Charlotte	-5	+180	-220
20171215	Portland	Orlando	+3.5	-160	+140
20171215	Utah	Boston	-5.5	+190	-230
20171215	Chicago	Milwaukee	-8	+270	-330
20171215	New Orleans	Denver	-1	-102	-118
20171215	San Antonio	Houston	-7.5	+250	-300
20171216	Portland	Charlotte	-3	+125	-145
20171216	Oklahoma City	New York	+2.5	-140	+120
20171216	Phoenix	Minnesota	-11.5	+585	-725
20171216	Dallas	San Antonio	-8.5	+275	-335
20171216	Utah	Cleveland	-8.5	+525	-750
20171216	L.A. Clippers	Miami	-6	+195	-235
20171216	Milwaukee	Houston	-10.5	+525	-750
20171216	Boston	Memphis	+5	-185	+170
20171217	Sacramento	Toronto	-12.5	+600	-900
20171217	Indiana	Brooklyn	+3	-145	+125
20171217	Orlando	Detroit	-10.5	+425	-550
20171217	Cleveland	Washington	+1.5	-102	-118
20171218	New York	Charlotte	-6.5	+190	-210
20171218	Miami	Atlanta	+2.5	-130	+110
20171218	Denver	Oklahoma City	-4	+175	-190
20171218	Portland	Minnesota	-2.5	+130	-140
20171218	L.A. Clippers	San Antonio	-11.5	+570	-705
20171218	Boston	Indiana	+1.5	-130	+110
20171218	Philadelphia	Chicago	+1.5	-135	+115
20171218	Utah	Houston	-12	+525	-750
20171218	Phoenix	Dallas	-6	+210	-230
20171218	Golden State	L.A. Lakers	+6.5	-240	+200
20171219	New Orleans	Washington	-4.5	+165	-190
20171219	Sacramento	Philadelphia	-9	+295	-355
20171219	Cleveland	Milwaukee	+1	-123	+103
20171220	Toronto	Charlotte	+1	-120	+110
20171220	Indiana	Atlanta	+4.5	-170	+160
20171220	Utah	Oklahoma City	-7.5	+240	-280
20171220	Orlando	Chicago	-5	+185	-200
20171220	Minnesota	Denver	-2.5	+115	-125
20171220	Memphis	Golden State	-10.5	+475	-650
20171220	Sacramento	Brooklyn	-5.5	+170	-200
20171220	Miami	Boston	-8	+295	-325
20171220	L.A. Lakers	Houston	-14	+1000	-1200
20171220	Detroit	Dallas	+2	-117	-103
20171220	San Antonio	Portland	+1	+103	-113
20171220	Phoenix	L.A. Clippers	-4	+165	-175
20171221	Toronto	Philadelphia	+3.5	-160	+150
20171221	Boston	New York	+2.5	-135	+115
20171221	Chicago	Cleveland	-11.5	+475	-650
20171221	Memphis	Phoenix	0	-130	+110
20171221	San Antonio	Utah	+3	-165	+145
20171222	New York	Detroit	-6	+210	-250
20171222	Washington	Brooklyn	+5	-210	+175
20171222	Atlanta	Oklahoma City	-10.5	+540	-660
20171222	Charlotte	Milwaukee	-4.5	+175	-210
20171222	New Orleans	Orlando	+4	-220	+180
20171222	Dallas	Miami	0	-102	-118
20171222	L.A. Clippers	Houston	-11.5	+575	-850
20171222	Denver	Portland	-1	+105	-125
20171222	L.A. Lakers	Golden State	-10	+450	-525
20171223	Philadelphia	Toronto	-8.5	+350	-440
20171223	Brooklyn	Indiana	-10.5	+475	-650
20171223	Chicago	Boston	-7	+240	-280
20171223	New Orleans	Miami	+5.5	-240	+200
20171223	Oklahoma City	Utah	0	-102	-118
20171223	Minnesota	Phoenix	+7.5	-310	+255
20171223	Orlando	Washington	-11.5	+550	-800
20171223	Milwaukee	Charlotte	-1.5	+103	-123
20171223	Dallas	Atlanta	+2.5	-145	+125
20171223	L.A. Clippers	Memphis	-4.5	+160	-185
20171223	Denver	Golden State	-10	+425	-550
20171223	Portland	L.A. Lakers	-3	+135	-155
20171223	San Antonio	Sacramento	+7.5	-310	+255
20171225	Philadelphia	New York	-2	+110	-130
20171225	Washington	Boston	-4.5	+180	-220
20171225	Cleveland	Golden State	-5	+180	-220
20171225	Houston	Oklahoma City	+3.5	-185	+160
20171225	Minnesota	L.A. Lakers	+4.5	-155	+135
20171226	Toronto	Dallas	+5.5	-210	+175
20171226	Orlando	Miami	-6.5	+210	-250
20171226	Brooklyn	San Antonio	-12	+575	-850
20171226	Memphis	Phoenix	0	-117	-103
20171226	Indiana	Detroit	-2	+110	-130
20171226	Chicago	Milwaukee	-6.5	+210	-250
20171226	Utah	Denver	-6	+190	-230
20171226	Sacramento	L.A. Clippers	-5	+173	-205
20171227	Boston	Charlotte	+1	-112	+102
20171227	Washington	Atlanta	+5.5	-220	+180
20171227	New York	Chicago	0	+103	-123
20171227	Denver	Minnesota	-5.5	+175	-210
20171227	Memphis	L.A. Lakers	-2.5	+125	-145
20171227	Dallas	Indiana	-5.5	+175	-210
20171227	Brooklyn	New Orleans	-10	+380	-475
20171227	Toronto	Oklahoma City	-3	+150	-170
20171227	Cleveland	Sacramento	+9.5	-450	+360
20171227	Utah	Golden State	-12	+550	-800
20171228	Detroit	Orlando	+5.5	-190	+165
20171228	Minnesota	Milwaukee	-2.5	+145	-155
20171228	Houston	Boston	+2.5	-125	+105
20171228	New York	San Antonio	-11	+550	-800
20171228	Philadelphia	Portland	-2.5	+145	-155
20171229	Houston	Washington	+1	-118	-102
20171229	Indiana	Chicago	-3	+130	-150
20171229	Dallas	New Orleans	-6	+220	-240
20171229	Phoenix	Sacramento	-1	+120	-130
20171229	Atlanta	Toronto	-11	+500	-700
20171229	Milwaukee	Oklahoma City	-8	+315	-380
20171229	Brooklyn	Miami	-7	+210	-250
20171229	L.A. Clippers	L.A. Lakers	+3.5	-145	+135
20171229	Charlotte	Golden State	-11	+500	-700
20171230	New York	New Orleans	-5.5	+190	-230
20171230	San Antonio	Detroit	+5	-200	+170
20171230	Cleveland	Utah	+3.5	-160	+140
20171230	Miami	Orlando	+1	-117	-103
20171230	Portland	Atlanta	+3.5	-165	+145
20171230	Memphis	Golden State	-13	+775	-1200
20171230	Philadelphia	Denver	-7.5	+255	-310
20171231	Chicago	Washington	-7.5	+250	-300
20171231	Brooklyn	Boston	-10	+425	-550
20171231	Memphis	Sacramento	-3	+130	-150
20171231	Charlotte	L.A. Clippers	-2.5	+120	-140
20171231	Minnesota	Indiana	+2.5	-145	+125
20171231	Dallas	Oklahoma City	-6.5	+200	-240
20171231	L.A. Lakers	Houston	-14.5	+1000	-1500
20171231	Philadelphia	Phoenix	+2.5	-140	+120
20180101	Orlando	Brooklyn	-1	+115	-135
20180101	L.A. Lakers	Minnesota	-10	+450	-600
20180101	Milwaukee	Toronto	-6	+210	-230
20180101	Portland	Chicago	-1	-103	-117
20180102	Portland	Cleveland	-8	+275	-335
20180102	Atlanta	Phoenix	-1.5	+103	-123
20180102	San Antonio	New York	+4	-170	+150
20180102	Charlotte	Sacramento	+3.5	-165	+145
20180102	Memphis	L.A. Clippers	-5	+170	-200
20180103	New York	Washington	-8.5	+300	-360
20180103	Houston	Orlando	+7.5	-300	+250
20180103	Detroit	Miami	-3	+135	-155
20180103	Toronto	Chicago	+5	-200	+170
20180103	Golden State	Dallas	+7	-265	+225
20180103	New Orleans	Utah	-1.5	+105	-125
20180103	San Antonio	Philadelphia	+3	+318	-350
20180103	Minnesota	Brooklyn	+6	-260	+220
20180103	Indiana	Milwaukee	-8	+280	-340
20180103	Cleveland	Boston	-2.5	+125	-145
20180103	Phoenix	Denver	-11	+475	-650
20180103	Oklahoma City	L.A. Lakers	+6.5	-250	+230
20180104	Golden State	Houston	+4	-178	+167
20180104	Oklahoma City	L.A. Clippers	+1	-118	-102
20180105	Detroit	Philadelphia	-6	+200	-240
20180105	New York	Miami	-5.5	+175	-210
20180105	Chicago	Dallas	-4.5	+160	-185
20180105	Utah	Denver	-6.5	+230	-270
20180105	Atlanta	Portland	-7	+245	-290
20180105	Minnesota	Boston	-4	+150	-170
20180105	Toronto	Milwaukee	+1	-120	+100
20180105	Phoenix	San Antonio	-12	+550	-800
20180105	Washington	Memphis	+4.5	-185	+160
20180105	Charlotte	L.A. Lakers	+2.5	-140	+120
20180106	Golden State	L.A. Clippers	+7	-380	+315
20180106	Chicago	Indiana	-4.5	+170	-200
20180106	Houston	Detroit	+4.5	-210	+175
20180106	New Orleans	Minnesota	-1.5	+105	-125
20180106	Boston	Brooklyn	+5	-200	+170
20180106	Cleveland	Orlando	+9	-440	+350
20180106	Milwaukee	Washington	-4	+160	-170
20180106	Denver	Sacramento	+4	-175	+165
20180107	Utah	Miami	-4.5	+160	-185
20180107	Oklahoma City	Phoenix	+8.5	-360	+325
20180107	New York	Dallas	-4.5	+165	-190
20180107	San Antonio	Portland	+1.5	+103	-123
20180107	Atlanta	L.A. Lakers	-2.5	+125	-145
20180108	Milwaukee	Indiana	-1.5	+105	-125
20180108	Cleveland	Minnesota	+1	-120	+100
20180108	Detroit	New Orleans	-7	+250	-300
20180108	Atlanta	L.A. Clippers	-4	+160	-185
20180108	Toronto	Brooklyn	+7.5	-330	+270
20180108	Houston	Chicago	+5	-210	+175
20180108	San Antonio	Sacramento	+5.5	-260	+220
20180108	Denver	Golden State	-9.5	+475	-650
20180109	Miami	Toronto	-5	+175	-210
20180109	Orlando	Dallas	-6.5	+200	-240
20180109	Portland	Oklahoma City	-8.5	+275	-335
20180109	Sacramento	L.A. Lakers	-6.5	+200	-240
20180110	Miami	Indiana	-4.5	+160	-185
20180110	Dallas	Charlotte	-6.5	+220	-260
20180110	Chicago	New York	-3.5	+160	-185
20180110	New Orleans	Memphis	+1	-113	+103
20180110	Oklahoma City	Minnesota	-4	+155	-175
20180110	Utah	Washington	-7	+248	-270
20180110	Detroit	Brooklyn	+2	-125	+115
20180110	Orlando	Milwaukee	-10.5	+475	-650
20180110	Portland	Houston	-9	+318	-350
20180110	Atlanta	Denver	-9.5	+378	-425
20180110	L.A. Clippers	Golden State	-16.5	+1400	-2500
20180111	Boston	Philadelphia	+2	-135	+115
20180111	L.A. Clippers	Sacramento	+1.5	-123	+103
20180111	Cleveland	Toronto	+2	-175	+155
20180111	San Antonio	L.A. Lakers	+2.5	-150	+130
20180112	Cleveland	Indiana	+1.5	-123	+103
20180112	Orlando	Washington	-10.5	+475	-650
20180112	New York	Minnesota	-9	+360	-450
20180112	Golden State	Milwaukee	+4.5	-190	+165
20180112	Utah	Charlotte	-4	+155	-175
20180112	Brooklyn	Atlanta	-3.5	+145	-165
20180112	Portland	New Orleans	-2.5	+110	-130
20180112	Memphis	Denver	-7.5	+250	-300
20180112	Houston	Phoenix	+7.5	-270	+230
20180113	L.A. Lakers	Dallas	-4.5	+165	-190
20180113	Oklahoma City	Charlotte	+1.5	-125	+105
20180113	Golden State	Toronto	+3.5	-185	+160
20180113	Sacramento	L.A. Clippers	-7.5	+275	-305
20180113	Brooklyn	Washington	-9.5	+360	-450
20180113	Detroit	Chicago	-1	-105	-115
20180113	Denver	San Antonio	-7.5	+245	-290
20180114	Milwaukee	Miami	-2	+110	-130
20180114	Indiana	Phoenix	+4.5	-185	+160
20180114	New Orleans	New York	+1.5	-125	+105
20180114	Portland	Minnesota	-5.5	+190	-230
20180115	Charlotte	Detroit	-3	+130	-150
20180115	Milwaukee	Washington	-5	+165	-190
20180115	New York	Brooklyn	-2	+115	-135
20180115	L.A. Lakers	Memphis	-2	+128	-138
20180115	Sacramento	Oklahoma City	-11.5	+550	-800
20180115	Toronto	Philadelphia	0	-113	+103
20180115	San Antonio	Atlanta	+7.5	-340	+280
20180115	Miami	Chicago	-1	-103	-117
20180115	Golden State	Cleveland	+4.5	-200	+170
20180115	Indiana	Utah	-4	+165	-175
20180115	Houston	L.A. Clippers	+3	-155	+135
20180116	Minnesota	Orlando	+8	-320	+260
20180116	Dallas	Denver	-5.5	+200	-240
20180116	New Orleans	Boston	-4.5	+170	-200
20180116	Phoenix	Portland	-10.5	+400	-500
20180117	Washington	Charlotte	-1.5	+105	-125
20180117	San Antonio	Brooklyn	+7	-260	+240
20180117	Miami	Milwaukee	-4.5	+160	-185
20180117	Golden State	Chicago	+9	-410	+365
20180117	Utah	Sacramento	+4	-175	+155
20180117	Detroit	Toronto	-8.5	+335	-420
20180117	New Orleans	Atlanta	+3	-150	+130
20180117	New York	Memphis	-2	+110	-130
20180117	L.A. Lakers	Oklahoma City	-9.5	+380	-430
20180117	Denver	L.A. Clippers	-4	+135	-145
20180118	Orlando	Cleveland	-11	+500	-700
20180118	Minnesota	Houston	-5	+175	-210
20180118	Philadelphia	Boston	-4	+165	-175
20180118	Indiana	Portland	-3.5	+140	-160
20180119	San Antonio	Toronto	-5.5	+200	-240
20180119	Washington	Detroit	+1	-125	+105
20180119	Phoenix	Denver	-9	+360	-450
20180119	Miami	Brooklyn	+3.5	-170	+150
20180119	Sacramento	Memphis	-6	+185	-200
20180119	New York	Utah	-4	+160	-185
20180119	Indiana	L.A. Lakers	+3	-120	+110
20180120	Oklahoma City	Cleveland	-4	+130	-170
20180120	Memphis	New Orleans	-9	+350	-440
20180120	Milwaukee	Philadelphia	-6.5	+225	-265
20180120	L.A. Clippers	Utah	-2	+110	-130
20180120	Chicago	Atlanta	-2	+105	-125
20180120	Miami	Charlotte	-4.5	+170	-200
20180120	Golden State	Houston	+4.5	-175	+155
20180120	Toronto	Minnesota	-3	+135	-155
20180120	Dallas	Portland	-5	+170	-200
20180121	Orlando	Boston	-10.5	+450	-600
20180121	Brooklyn	Detroit	-6	+205	-245
20180121	New York	L.A. Lakers	+1.5	-125	+105
20180121	Indiana	San Antonio	-5.5	+220	-260
20180122	Sacramento	Charlotte	-9	+450	-600
20180122	Chicago	New Orleans	-6	+205	-245
20180122	Philadelphia	Memphis	+2.5	-140	+120
20180122	Washington	Dallas	+1.5	-130	+110
20180122	Utah	Atlanta	+2.5	-140	+120
20180122	Miami	Houston	-10.5	+450	-600
20180122	Phoenix	Milwaukee	-4.5	+160	-185
20180122	Portland	Denver	-3	+135	-155
20180122	Minnesota	L.A. Clippers	+3	-130	+110
20180123	Sacramento	Orlando	-6	+210	-250
20180123	Brooklyn	Oklahoma City	-10	+415	-525
20180123	Cleveland	San Antonio	-2	+120	-140
20180123	New York	Golden State	-14	+1050	-1600
20180123	Boston	L.A. Lakers	+4.5	-175	+155
20180124	Chicago	Philadelphia	-5	+175	-210
20180124	Utah	Detroit	-2	+110	-130
20180124	Toronto	Atlanta	+6	-245	+205
20180124	Houston	Dallas	+6	-245	+205
20180124	New Orleans	Charlotte	-1.5	+110	-130
20180124	Phoenix	Indiana	-7.5	+260	-320
20180124	San Antonio	Memphis	0	+102	-112
20180124	Minnesota	Portland	-2	+119	-129
20180124	Boston	L.A. Clippers	-1	+110	-120
20180125	Sacramento	Miami	-10.5	+475	-650
20180125	New York	Denver	-4.5	+175	-210
20180125	Washington	Oklahoma City	-5.5	+175	-210
20180125	Minnesota	Golden State	-12.5	+650	-1000
20180126	Atlanta	Charlotte	-6.5	+230	-250
20180126	Utah	Toronto	-7.5	+265	-295
20180126	Brooklyn	Milwaukee	-6.5	+220	-240
20180126	L.A. Lakers	Chicago	-4	+150	-160
20180126	Portland	Dallas	+1	-120	+110
20180126	Indiana	Cleveland	-5	+190	-210
20180126	Houston	New Orleans	+3	-150	+140
20180126	L.A. Clippers	Memphis	+3	-145	+135
20180126	Philadelphia	San Antonio	-3.5	+145	-155
20180126	New York	Phoenix	+2.5	-112	+102
20180127	Oklahoma City	Detroit	+3.5	-160	+140
20180127	Washington	Atlanta	+5.5	-225	+185
20180127	Boston	Golden State	-9.5	+450	-525
20180127	Orlando	Indiana	-6	+210	-250
20180127	Charlotte	Miami	-4.5	+160	-185
20180127	Brooklyn	Minnesota	-9.5	+515	-620
20180127	Dallas	Denver	-7.5	+260	-320
20180128	Phoenix	Houston	-14	+1000	-1200
20180128	L.A. Clippers	New Orleans	-1	+102	-112
20180128	Detroit	Cleveland	-8	+295	-325
20180128	Milwaukee	Chicago	+2	-130	+110
20180128	L.A. Lakers	Toronto	-9.5	+385	-485
20180128	Philadelphia	Oklahoma City	-4	+150	-160
20180128	Sacramento	San Antonio	-10.5	+470	-640
20180129	Charlotte	Indiana	-2.5	+135	-155
20180129	Phoenix	Memphis	-8	+230	-270
20180129	Miami	Dallas	+1	-125	+105
20180129	Minnesota	Atlanta	+6.5	-230	+190
20180129	Philadelphia	Milwaukee	-3	+145	-165
20180129	Boston	Denver	-1	+110	-130
20180130	Oklahoma City	Washington	+3.5	-150	+130
20180130	Minnesota	Toronto	-6	+210	-250
20180130	Orlando	Houston	-12.5	+700	-900
20180130	Denver	San Antonio	-6.5	+210	-250
20180130	Brooklyn	New York	-5	+170	-200
20180130	Cleveland	Detroit	+2	-125	+105
20180130	Sacramento	New Orleans	-7.5	+315	-345
20180130	Golden State	Utah	+7	-290	+245
20180130	Portland	L.A. Clippers	+7	+120	-140
20180131	Memphis	Indiana	-6.5	+248	-270
20180131	Philadelphia	Brooklyn	+6.5	-270	+248
20180131	Charlotte	Atlanta	+2.5	-130	+120
20180131	Chicago	Portland	-7.5	+255	-310
20180131	L.A. Lakers	Orlando	+2	-125	+115
20180131	Miami	Cleveland	-3	+103	-123
20180131	New York	Boston	-9	+300	-360
20180131	Dallas	Phoenix	+4.5	-160	+140
20180201	Toronto	Washington	+3	-155	+135
20180201	Houston	San Antonio	0	-117	-103
20180201	Memphis	Detroit	-8.5	+325	-400
20180201	Milwaukee	Minnesota	-5.5	+195	-235
20180201	Oklahoma City	Denver	+1	-118	-102
20180202	Indiana	Charlotte	-3.5	+135	-155
20180202	Portland	Toronto	-4.5	+165	-175
20180202	Miami	Philadelphia	-4	+160	-170
20180202	Utah	Phoenix	+5.5	-220	+200
20180202	Atlanta	Boston	-9.5	+330	-410
20180202	L.A. Lakers	Brooklyn	-1.5	+115	-125
20180202	New York	Milwaukee	-3	+125	-145
20180202	New Orleans	Oklahoma City	-6	+200	-240
20180202	Golden State	Sacramento	+13	-1000	+800
20180203	Chicago	L.A. Clippers	-8	+290	-350
20180203	Philadelphia	Indiana	-1.5	+125	-145
20180203	Houston	Cleveland	+3.5	-165	+155
20180203	Utah	San Antonio	-6	+200	-240
20180203	Washington	Orlando	+3.5	-165	+145
20180203	Miami	Detroit	-2	+110	-130
20180203	New Orleans	Minnesota	-8.5	+295	-355
20180203	Golden State	Denver	+5	-210	+175
20180203	Dallas	Sacramento	+4.5	-1858	+1180
20180204	Atlanta	New York	-5.5	+180	-220
20180204	Memphis	Toronto	-12	+650	-1000
20180204	L.A. Lakers	Oklahoma City	-10	+425	-550
20180204	Milwaukee	Brooklyn	+4.5	-185	+160
20180204	Portland	Boston	-1.5	+105	-125
20180204	Charlotte	Phoenix	+6	-240	+200
20180205	Portland	Detroit	-2	+115	-125
20180205	Orlando	Miami	-7	+260	-290
20180205	Charlotte	Denver	-5.5	+230	-250
20180205	Washington	Indiana	-2	+115	-125
20180205	Utah	New Orleans	-2	+108	-118
20180205	Chicago	Sacramento	-1.5	+130	-140
20180205	Dallas	L.A. Clippers	-6	+245	-265
20180206	Cleveland	Orlando	+7	-270	+230
20180206	Milwaukee	New York	+1.5	-120	+110
20180206	Boston	Toronto	-5	+175	-190
20180206	Phoenix	L.A. Lakers	-8	+285	-345
20180206	Houston	Brooklyn	+10	-600	+450
20180206	Memphis	Atlanta	-2	+115	-135
20180206	Washington	Philadelphia	-6	+210	-230
20180206	Oklahoma City	Golden State	-10	+400	-500
20180207	Brooklyn	Detroit	-9	+325	-400
20180207	Minnesota	Cleveland	+2.5	-155	+145
20180207	San Antonio	Phoenix	+8.5	-600	+450
20180207	Houston	Miami	+4.5	-175	+165
20180207	Utah	Memphis	+7.5	-310	+255
20180208	Atlanta	Orlando	-1.5	+105	-125
20180208	Boston	Washington	-1.5	+105	-125
20180208	Oklahoma City	L.A. Lakers	+3	-140	+130
20180208	New York	Toronto	-15	+900	-1100
20180208	Charlotte	Portland	-3	+135	-155
20180208	Dallas	Golden State	-13	+650	-1000
20180209	New Orleans	Philadelphia	-5.5	+185	-225
20180209	Cleveland	Atlanta	+2	-118	+108
20180209	Milwaukee	Miami	-1	-103	-117
20180209	Charlotte	Utah	-5.5	+180	-220
20180209	L.A. Clippers	Detroit	-3.5	+145	-165
20180209	Indiana	Boston	-4	+155	-175
20180209	Denver	Houston	-8.5	+315	-380
20180209	Minnesota	Chicago	+6.5	-260	+220
20180209	Portland	Sacramento	+6	-245	+205
20180210	New Orleans	Brooklyn	+1.5	-123	+103
20180210	L.A. Clippers	Philadelphia	-2.5	+120	-140
20180210	San Antonio	Golden State	-11	+550	-800
20180210	Milwaukee	Orlando	+5	-210	+175
20180210	Washington	Chicago	+5	-210	+175
20180210	L.A. Lakers	Dallas	-2	+110	-130
20180210	Denver	Phoenix	+7	-280	+240
20180211	Toronto	Charlotte	+3	-140	+130
20180211	Detroit	Atlanta	+3.5	-155	+145
20180211	Sacramento	Minnesota	-13	+800	-1000
20180211	Dallas	Houston	-15	+1050	-1600
20180211	Cleveland	Boston	-4.5	+160	-185
20180211	New York	Indiana	-10	+340	-425
20180211	Memphis	Oklahoma City	-8	+250	-300
20180211	Utah	Portland	-3.5	+145	-165
20180212	New York	Philadelphia	-11.5	+600	-900
20180212	L.A. Clippers	Brooklyn	+4.5	-185	+160
20180212	San Antonio	Utah	-4.5	+160	-185
20180212	New Orleans	Detroit	-3	+125	-145
20180212	Orlando	Chicago	-4	+155	-175
20180212	Phoenix	Golden State	-15.5	+1050	-1600
20180213	Miami	Toronto	-8	+300	-330
20180213	Houston	Minnesota	+2.5	-140	+130
20180213	Sacramento	Dallas	-6.5	+225	-245
20180213	Atlanta	Milwaukee	-7.5	+260	-290
20180213	Cleveland	Oklahoma City	-2	+115	-125
20180213	San Antonio	Denver	-7	+225	-245
20180214	Atlanta	Detroit	-8.5	+305	-335
20180214	Charlotte	Orlando	+5	-200	+170
20180214	Washington	New York	+5	-200	+170
20180214	Sacramento	Houston	-15	+1050	-1600
20180214	L.A. Lakers	New Orleans	-5	+170	-200
20180214	Phoenix	Utah	-11.5	+500	-800
20180214	Miami	Philadelphia	-7	+260	-290
20180214	Indiana	Brooklyn	+4.5	-185	+160
20180214	Toronto	Chicago	+6.5	-260	+220
20180214	L.A. Clippers	Boston	-4.5	+160	-185
20180214	Oklahoma City	Memphis	+4	-185	+155
20180214	Golden State	Portland	+6.5	-240	+200
20180215	Denver	Milwaukee	-3	+135	-155
20180215	L.A. Lakers	Minnesota	-10	+450	-600
20180222	Brooklyn	Charlotte	-7.5	+265	-325
20180222	Washington	Cleveland	-5	+175	-210
20180222	Oklahoma City	Sacramento	+7.5	-320	+260
20180222	New York	Orlando	-3.5	+145	-165
20180222	Philadelphia	Chicago	+5.5	-220	+180
20180222	L.A. Clippers	Golden State	-11	+575	-850
20180223	Boston	Detroit	+1	-113	+103
20180223	Charlotte	Washington	-3.5	+145	-155
20180223	Miami	New Orleans	-3	+120	-130
20180223	Minnesota	Houston	-7.5	+300	-360
20180223	Portland	Utah	-3.5	+145	-165
20180223	Atlanta	Indiana	-8	+295	-355
20180223	Milwaukee	Toronto	-8.5	+255	-310
20180223	Cleveland	Memphis	+5.5	-200	+185
20180223	San Antonio	Denver	-3.5	+140	-160
20180223	L.A. Clippers	Phoenix	+4.5	-190	+165
20180223	Dallas	L.A. Lakers	-3.5	+150	-160
20180224	Orlando	Philadelphia	-10	+450	-600
20180224	Memphis	Miami	-7	+245	-290
20180224	Dallas	Utah	-8	+290	-350
20180224	Chicago	Minnesota	-8.5	+320	-390
20180224	Boston	New York	+4.5	-215	+178
20180224	Oklahoma City	Golden State	-9.5	+425	-550
20180224	Portland	Phoenix	+6	-235	+195
20180224	L.A. Lakers	Sacramento	+1	-117	-103
20180225	Detroit	Charlotte	-4	+165	-190
20180225	San Antonio	Cleveland	-4.5	+170	-200
20180225	New Orleans	Milwaukee	-4.5	+150	-170
20180225	Houston	Denver	+4.5	-190	+165
20180225	Philadelphia	Washington	-1.5	+103	-123
20180226	Detroit	Toronto	-11	+525	-750
20180226	Memphis	Boston	-11.5	+615	-930
20180226	Golden State	New York	+12	-1000	+650
20180226	Orlando	Oklahoma City	-10.5	+475	-650
20180226	Houston	Utah	+2.5	-140	+120
20180226	Chicago	Brooklyn	-3	+130	-150
20180226	L.A. Lakers	Atlanta	+2.5	-135	+115
20180226	Phoenix	New Orleans	-7	+250	-300
20180226	Indiana	Dallas	+2.5	-140	+120
20180226	Minnesota	Sacramento	+6	-235	+195
20180227	Chicago	Charlotte	-10	+450	-600
20180227	Philadelphia	Miami	0	-110	-110
20180227	Sacramento	Portland	-11.5	+775	-1200
20180227	Brooklyn	Cleveland	-11.5	+775	-1200
20180227	Washington	Milwaukee	-3	+130	-150
20180227	L.A. Clippers	Denver	-3.5	+145	-165
20180228	Milwaukee	Detroit	-2	+110	-130
20180228	Indiana	Atlanta	+4	-175	+155
20180228	Phoenix	Memphis	-2	+125	-145
20180228	New Orleans	San Antonio	-5	+175	-210
20180228	Toronto	Orlando	+9.5	-475	+380
20180228	Charlotte	Boston	-7	+255	-310
20180228	Golden State	Washington	+8.5	-420	+335
20180228	Oklahoma City	Dallas	+5	-210	+175
20180228	Houston	L.A. Clippers	+7	-320	+260
20180301	L.A. Lakers	Miami	-4	+150	-170
20180301	Brooklyn	Sacramento	0	-113	+103
20180301	Philadelphia	Cleveland	-2.5	+120	-140
20180301	Minnesota	Portland	-4	+155	-175
20180302	Detroit	Orlando	+2.5	-145	+125
20180302	Golden State	Atlanta	+13	-1100	+700
20180302	Denver	Memphis	+7	-310	+255
20180302	Indiana	Milwaukee	-3	+150	-160
20180302	Minnesota	Utah	-6.5	+250	-300
20180302	Charlotte	Philadelphia	-3.5	+155	-175
20180302	Dallas	Chicago	+1.5	-118	-102
20180302	Toronto	Washington	+3	-145	+135
20180302	Oklahoma City	Phoenix	+8	-320	+290
20180302	New York	L.A. Clippers	-9.5	+380	-475
20180303	Memphis	Orlando	-8	+255	-280
20180303	Detroit	Miami	-5	+190	-210
20180303	L.A. Lakers	San Antonio	-4	+140	-160
20180303	Denver	Cleveland	-5	+175	-190
20180303	Boston	Houston	-8.5	+290	-350
20180303	Utah	Sacramento	+6.5	-255	+235
20180303	Oklahoma City	Portland	-4	+165	-175
20180304	Phoenix	Atlanta	-2.5	+125	-145
20180304	Charlotte	Toronto	-9	+360	-450
20180304	Philadelphia	Milwaukee	+1	-115	-105
20180304	Indiana	Washington	-3.5	+145	-165
20180304	New Orleans	Dallas	+3.5	-155	+135
20180304	New York	Sacramento	+2	-130	+110
20180304	Brooklyn	L.A. Clippers	-8	+290	-350
20180305	Detroit	Cleveland	-7	+250	-300
20180305	Phoenix	Miami	-9	+390	-440
20180305	Memphis	San Antonio	-10.5	+568	-700
20180305	Milwaukee	Indiana	-3	+130	-150
20180305	Boston	Chicago	+9	-440	+350
20180305	Orlando	Utah	-10	+425	-550
20180305	Portland	L.A. Lakers	+2	-130	+110
20180306	Philadelphia	Charlotte	+1.5	-125	+115
20180306	Atlanta	Toronto	-12.5	+700	-900
20180306	Denver	Dallas	+4.5	-185	+170
20180306	New Orleans	L.A. Clippers	-3	+135	-145
20180306	Miami	Washington	-5	+175	-190
20180306	Houston	Oklahoma City	+4.5	-185	+170
20180306	New York	Portland	-9.5	+400	-500
20180306	Brooklyn	Golden State	-14	+1050	-1600
20180307	Utah	Indiana	0	-110	-110
20180307	Houston	Milwaukee	+6	-250	+210
20180307	New Orleans	Sacramento	+5.5	-230	+190
20180307	Memphis	Chicago	-3	+125	-155
20180307	Toronto	Detroit	+5	-210	+175
20180307	Cleveland	Denver	-2.5	+120	-140
20180307	Orlando	L.A. Lakers	-7	+230	-270
20180308	Brooklyn	Charlotte	-7	+240	-280
20180308	Boston	Minnesota	+2	-130	+110
20180308	Philadelphia	Miami	+1	-117	-103
20180308	Phoenix	Oklahoma City	-10.5	+450	-600
20180308	San Antonio	Golden State	-11.5	+550	-800
20180309	Atlanta	Indiana	-8	+290	-350
20180309	Houston	Toronto	+1.5	-125	+105
20180309	Utah	Memphis	+9	-450	+360
20180309	L.A. Lakers	Denver	-6.5	+220	-260
20180309	Orlando	Sacramento	-4.5	+155	-175
20180309	Chicago	Detroit	-8	+290	-350
20180309	New York	Milwaukee	-10	+425	-550
20180309	Washington	New Orleans	+1	-155	+135
20180309	Golden State	Portland	+4	-118	+108
20180309	Cleveland	L.A. Clippers	-1.5	+103	-123
20180310	Phoenix	Charlotte	-13	+600	-750
20180310	San Antonio	Oklahoma City	-4.5	+160	-185
20180310	Washington	Miami	-4	+163	-173
20180310	Memphis	Dallas	-8.5	+355	-400
20180310	Orlando	L.A. Clippers	-11.5	+625	-785
20180311	Toronto	New York	+9.5	-460	+410
20180311	Golden State	Minnesota	+5	-200	+185
20180311	Sacramento	Denver	-11.5	+575	-850
20180311	Indiana	Boston	-6.5	+230	-250
20180311	Chicago	Atlanta	-3	+125	-135
20180311	Utah	New Orleans	+12.5	-150	+130
20180311	Houston	Dallas	+12.5	-450	+400
20180311	Philadelphia	Brooklyn	+6.5	-240	+220
20180311	Cleveland	L.A. Lakers	+2	-130	+120
20180312	Milwaukee	Memphis	+7	-290	+260
20180312	San Antonio	Houston	-13	+650	-1000
20180312	Sacramento	Oklahoma City	-12	+600	-900
20180312	Miami	Portland	-8	+270	-330
20180313	Minnesota	Washington	-4	+150	-170
20180313	Toronto	Brooklyn	+9.5	-450	+360
20180313	Oklahoma City	Atlanta	+5.5	-230	+210
20180313	Charlotte	New Orleans	-4.5	+165	-190
20180313	Detroit	Utah	-8	+300	-360
20180313	Indiana	Philadelphia	-5.5	+185	-225
20180313	Dallas	New York	+2.5	-130	+110
20180313	L.A. Clippers	Chicago	+6	-255	+215
20180313	Orlando	San Antonio	-10	+375	-470
20180313	Cleveland	Phoenix	+7	-270	+230
20180313	Denver	L.A. Lakers	+2	-120	+110
20180314	Milwaukee	Orlando	+8	-360	+300
20180314	Miami	Sacramento	+6.5	-270	+230
20180314	Washington	Boston	+2	-130	+110
20180314	L.A. Lakers	Golden State	-7.5	+210	-270
20180315	Toronto	Indiana	+3.5	-175	+155
20180315	Philadelphia	New York	+9	-465	+370
20180315	Chicago	Memphis	-1.5	-105	-115
20180315	Phoenix	Utah	-12	+625	-950
20180315	Charlotte	Atlanta	+4.5	-185	+160
20180315	L.A. Clippers	Houston	-11	+500	-700
20180315	New Orleans	San Antonio	-3.5	+145	-165
20180315	Detroit	Denver	-7.5	+280	-340
20180315	Cleveland	Portland	-4.5	+165	-190
20180316	Boston	Orlando	+6.5	-240	+220
20180316	Dallas	Toronto	-11.5	+600	-750
20180316	Sacramento	Golden State	-11	+550	-800
20180316	Brooklyn	Philadelphia	-9	+345	-385
20180316	L.A. Clippers	Oklahoma City	-4	+155	-175
20180316	Miami	L.A. Lakers	-3.5	+155	-175
20180317	Atlanta	Milwaukee	-11	+550	-800
20180317	Houston	New Orleans	+6.5	-300	+250
20180317	Charlotte	New York	+6	-270	+230
20180317	Cleveland	Chicago	+6	-265	+245
20180317	Sacramento	Utah	-15	+1050	-1300
20180317	Indiana	Washington	-3.5	+160	-170
20180317	Dallas	Brooklyn	-2.5	+120	-140
20180317	Denver	Memphis	+6	-290	+260
20180317	Minnesota	San Antonio	-4.5	+155	-175
20180317	Golden State	Phoenix	+3	-150	+140
20180317	Detroit	Portland	-8	+350	-440
20180318	Oklahoma City	Toronto	-6.5	+220	-240
20180318	Houston	Minnesota	+7	-300	+270
20180318	Boston	New Orleans	-3	+125	-145
20180318	Portland	L.A. Clippers	-2.5	+120	-130
20180319	Milwaukee	Cleveland	-3.5	+125	-145
20180319	Charlotte	Philadelphia	-7.5	+300	-360
20180319	Chicago	New York	-5.5	+185	-225
20180319	Golden State	San Antonio	-6.5	+225	-265
20180319	L.A. Lakers	Indiana	-5	+160	-185
20180319	Denver	Miami	-1.5	+115	-125
20180319	Memphis	Brooklyn	-5	+165	-190
20180319	Detroit	Sacramento	+2.5	-145	+125
20180320	Toronto	Orlando	+10	-600	+450
20180320	L.A. Clippers	Minnesota	-3	+135	-155
20180320	Atlanta	Utah	-13	+800	-1250
20180320	Dallas	New Orleans	-9	+365	-460
20180320	Oklahoma City	Boston	+3	-155	+135
20180320	Detroit	Phoenix	+6	-250	+210
20180320	Houston	Portland	+4.5	-200	+170
20180321	Toronto	Cleveland	-1	+108	-118
20180321	New York	Miami	-10	+485	-670
20180321	L.A. Clippers	Milwaukee	-4	+175	-210
20180321	Indiana	New Orleans	-1	-102	-118
20180321	Memphis	Philadelphia	-13	+625	-950
20180321	Charlotte	Brooklyn	0	-110	-110
20180321	Denver	Chicago	+9	-475	+380
20180321	Washington	San Antonio	-5	+175	-210
20180322	Philadelphia	Orlando	+7	-300	+250
20180322	L.A. Lakers	New Orleans	-3	+140	-150
20180322	Utah	Dallas	+8	-350	+290
20180322	Memphis	Charlotte	-9	+420	-475
20180322	Detroit	Houston	-12.5	+900	-1100
20180322	Atlanta	Sacramento	-2	+110	-130
20180323	L.A. Clippers	Indiana	-2.5	+125	-145
20180323	Minnesota	New York	+6.5	-275	+235
20180323	Brooklyn	Toronto	-12	+775	-1200
20180323	Milwaukee	Chicago	+5	-210	+175
20180323	Boston	Portland	-6.5	+235	-275
20180323	Denver	Washington	-1.5	+105	-125
20180323	Phoenix	Cleveland	-13	+735	-1350
20180323	Miami	Oklahoma City	-6.5	+240	-280
20180323	Utah	San Antonio	-3	+135	-155
20180323	Atlanta	Golden State	-9	+365	-460
20180324	Minnesota	Philadelphia	-7	+245	-290
20180324	Phoenix	Orlando	-6	+205	-245
20180324	New Orleans	Houston	-8.5	+325	-400
20180324	Chicago	Detroit	-11.5	+650	-1000
20180324	L.A. Lakers	Memphis	+5	-210	+175
20180324	Charlotte	Dallas	+1	-117	-103
20180325	Cleveland	Brooklyn	+6.5	-275	+235
20180325	Miami	Indiana	-4	+150	-170
20180325	New York	Washington	-10	+450	-600
20180325	Portland	Oklahoma City	-3	+130	-150
20180325	San Antonio	Milwaukee	+2.5	-140	+120
20180325	Boston	Sacramento	+6	-245	+205
20180325	L.A. Clippers	Toronto	-8	+305	-365
20180325	Atlanta	Houston	-14.5	+800	-1250
20180325	Utah	Golden State	+3	-150	+130
20180326	L.A. Lakers	Detroit	-4.5	+160	-185
20180326	Denver	Philadelphia	-5.5	+185	-225
20180326	New York	Charlotte	-11.5	+575	-850
20180326	Memphis	Minnesota	-14	+925	-1400
20180326	Boston	Phoenix	+10	-420	+335
20180327	San Antonio	Washington	+1.5	-115	+105
20180327	Portland	New Orleans	-1.5	+105	-115
20180327	Cleveland	Miami	+4	-155	+135
20180327	Milwaukee	L.A. Clippers	-3	+135	-145
20180327	Denver	Toronto	-9	+360	-450
20180327	Chicago	Houston	-17.5	+1050	-1600
20180327	Dallas	Sacramento	-1.5	+100	-120
20180327	Indiana	Golden State	+5	-190	+165
20180328	Brooklyn	Orlando	+1.5	-125	+105
20180328	Cleveland	Charlotte	+1.5	-125	+105
20180328	Portland	Memphis	+5.5	-240	+200
20180328	L.A. Clippers	Phoenix	+9.5	-550	+468
20180328	New York	Philadelphia	-12.5	+800	-1250
20180328	Atlanta	Minnesota	-12.5	+800	-1000
20180328	Boston	Utah	-6.5	+240	-280
20180328	Dallas	L.A. Lakers	-7.5	+280	-310
20180329	Washington	Detroit	-1	-102	-118
20180329	Oklahoma City	San Antonio	-1	-125	-105
20180329	Chicago	Miami	-13	+850	-1300
20180329	Indiana	Sacramento	+7.5	-330	+270
20180329	Milwaukee	Golden State	-3.5	+170	-200
20180330	Chicago	Orlando	-6.5	+220	-260
20180330	New Orleans	Cleveland	-4	+165	-175
20180330	Phoenix	Houston	-3.5	+1750	-2300
20180330	Memphis	Utah	-15	+1200	-1500
20180330	Philadelphia	Atlanta	+7.5	-315	+285
20180330	Denver	Oklahoma City	-3	+135	-155
20180330	Minnesota	Dallas	+5.5	-230	+190
20180330	Milwaukee	L.A. Lakers	0	-107	-123
20180330	L.A. Clippers	Portland	-6	+205	-245
20180331	Charlotte	Washington	-5.5	+195	-235
20180331	Toronto	Boston	+3.5	-170	+150
20180331	Detroit	New York	+3.5	-160	+140
20180331	Brooklyn	Miami	-7.5	+275	-335
20180331	Golden State	Sacramento	+8.5	-380	+315
20180401	Philadelphia	Charlotte	+2	-140	+120
20180401	Houston	San Antonio	+2	-132	+112
20180401	Dallas	Cleveland	-11	+550	-750
20180401	Orlando	Atlanta	-2	+110	-130
20180401	Utah	Minnesota	+1	-118	-102
20180401	Phoenix	Golden State	-15	+895	-1150
20180401	Washington	Chicago	+8	-345	+285
20180401	Indiana	L.A. Clippers	-2.5	+120	-140
20180401	Oklahoma City	New Orleans	+1	-115	-105
20180401	Detroit	Brooklyn	+1	-118	-102
20180401	Milwaukee	Denver	-3.5	+155	-175
20180401	Memphis	Portland	-14.5	+1425	-1850
20180401	Sacramento	L.A. Lakers	-7	+260	-320
20180403	Brooklyn	Philadelphia	-9	+360	-450
20180403	Atlanta	Miami	-11.5	+650	-1000
20180403	Washington	Houston	-8	+260	-320
20180403	Golden State	Oklahoma City	-3.5	+140	-160
20180403	Portland	Dallas	+9	-450	+360
20180403	L.A. Lakers	Utah	-10.5	+550	-800
20180403	Toronto	Cleveland	-1.5	+105	-125
20180403	Orlando	New York	-1	-103	-117
20180403	Boston	Milwaukee	-2	+110	-130
20180403	Charlotte	Chicago	+5.5	-220	+180
20180403	Indiana	Denver	-3.5	+150	-170
20180403	Sacramento	Phoenix	+1	-117	-103
20180403	San Antonio	L.A. Clippers	+1	-117	-103
20180404	Philadelphia	Detroit	+1	-117	-103
20180404	Miami	Atlanta	+8.5	-410	+330
20180404	Memphis	New Orleans	-13	+925	-1400
20180404	Dallas	Orlando	+1	-120	+100
20180404	Boston	Toronto	-8	+315	-380
20180404	San Antonio	L.A. Lakers	+5.5	-240	+200
20180405	Golden State	Indiana	+1.5	-123	+103
20180405	Washington	Cleveland	-5.5	+190	-230
20180405	L.A. Clippers	Utah	-7	+250	-300
20180405	Portland	Houston	-10	+475	-650
20180405	Brooklyn	Milwaukee	-8	+300	-360
20180405	Minnesota	Denver	-5	+175	-210
20180406	Charlotte	Orlando	+5.5	-225	+205
20180406	Atlanta	Washington	-10.5	+500	-700
20180406	Chicago	Boston	-10	+420	-535
20180406	Miami	New York	+9	-485	+385
20180406	New Orleans	Phoenix	+10	-750	+525
20180406	Dallas	Detroit	-7.5	+270	-360
20180406	Cleveland	Philadelphia	-3.5	+145	-155
20180406	Indiana	Toronto	-7.5	+275	-335
20180406	Sacramento	Memphis	+4	-150	+130
20180406	Minnesota	L.A. Lakers	+3.5	-155	+135
20180407	Denver	L.A. Clippers	-1	-110	-110
20180407	Brooklyn	Chicago	+5	-220	+180
20180407	Oklahoma City	Houston	-6.5	+215	-255
20180407	Milwaukee	New York	+9.5	-500	+400
20180407	New Orleans	Golden State	-7	+245	-290
20180407	Portland	San Antonio	-3.5	+160	-185
20180408	Dallas	Philadelphia	-13	+1000	-1200
20180408	Atlanta	Boston	-10	+450	-525
20180408	Orlando	Toronto	-13	+900	-1375
20180408	Indiana	Charlotte	+2	-123	+113
20180408	Detroit	Memphis	+5.5	-220	+180
20180408	Utah	L.A. Lakers	+6	-325	+295
20180408	Golden State	Phoenix	+13.5	-1150	+950
20180409	Toronto	Detroit	+3.5	-175	+155
20180409	Chicago	Brooklyn	-8.5	+290	-350
20180409	Memphis	Minnesota	-15	+1000	-1500
20180409	Sacramento	San Antonio	-13	+850	-1300
20180409	Cleveland	New York	+12	-800	+550
20180409	Oklahoma City	Miami	+2	-140	+120
20180409	Orlando	Milwaukee	-10	+550	-800
20180409	Portland	Denver	-3.5	+155	-175
20180409	New Orleans	L.A. Clippers	+5.5	-255	+215
20180410	Charlotte	Indiana	-6.5	+240	-280
20180410	Boston	Washington	-6.5	+245	-290
20180410	Golden State	Utah	-7	+245	-290
20180410	Philadelphia	Atlanta	+9.5	-500	+400
20180410	Phoenix	Dallas	-4	+150	-180
20180410	Houston	L.A. Lakers	+9.5	-660	+445
20180411	Toronto	Miami	-7	+170	-200
20180411	Milwaukee	Philadelphia	-5.5	+260	-320
20180411	Memphis	Oklahoma City	-17.5	+1500	-3000
20180411	Washington	Orlando	+4	-230	+190
20180411	Detroit	Chicago	+1.5	-125	+105
20180411	Houston	Sacramento	+5.5	-155	+135
20180411	New York	Cleveland	-15.5	+1050	-1600
20180411	Denver	Minnesota	-3	+130	-150
20180411	San Antonio	New Orleans	-3.5	+145	-165
20180411	Brooklyn	Boston	-3	+115	-135
20180411	Utah	Portland	-3	+130	-150
20180411	L.A. Lakers	L.A. Clippers	-2.5	+135	-155
