Date,V,H,Open,Close,V_ML,H_ML,V_Score,H_Score,Result,Open_Diff,Close_Diff
1016,Philadelphia,Boston,-5,-4.5,170,-200,87,105,-18,-13,-13.5
1016,OklahomaCity,GoldenState,-11.5,-12.0,711,-1100,100,108,-8,3.5,4.0
1017,Memphis,Indiana,-7,-7.5,263,-325,83,111,-28,-21,-20.5
1017,Milwaukee,Charlotte,1.5,3.0,-165,144,113,112,1,-0.5,-2.0
1017,Miami,Orlando,2,2.5,-135,115,101,104,-3,-5,-5.5
1017,Brooklyn,Detroit,-4.5,-6.0,211,-255,100,103,-3,1.5,3.0
1017,Atlanta,NewYork,-3.5,-4.0,148,-170,107,126,-19,-15.5,-15.0
1017,Cleveland,Toronto,-11.5,-12.5,797,-1300,104,116,-12,-0.5,0.5
1017,NewOrleans,Houston,-7.5,-8.0,278,-345,131,112,19,26.5,27.0
1017,Minnesota,SanAntonio,-1,-2.5,125,-145,108,112,-4,-3,-1.5
1017,Utah,Sacramento,7.5,8.5,-400,317,123,117,6,-1.5,-2.5
1017,Dallas,Phoenix,-1,2.5,-130,110,100,121,-21,-20,-23.5
1017,Denver,LAClippers,0,2.0,-125,105,107,98,9,9,7.0
1018,Chicago,Philadelphia,-11,-12.5,733,-1150,108,127,-19,-8,-6.5
1018,Miami,Washington,-4,-6.0,215,-260,113,112,1,5,7.0
1018,LALakers,Portland,-2.5,-3.0,135,-155,119,128,-9,-6.5,-6.0
1019,Charlotte,Orlando,0,1.5,-125,105,120,88,32,32,30.5
1019,NewYork,Brooklyn,-3,-4.0,148,-170,105,107,-2,1,2.0
1019,Sacramento,NewOrleans,-10.5,-11.5,664,-1000,129,149,-20,-9.5,-8.5
1019,Boston,Toronto,-3,-3.0,135,-155,101,113,-12,-9,-9.0
1019,Cleveland,Minnesota,-8,-8.5,334,-425,123,131,-8,0,0.5
1019,Atlanta,Memphis,-6.5,-7.0,237,-290,117,131,-14,-7.5,-7.0
1019,Indiana,Milwaukee,-3,-3.5,144,-165,101,118,-17,-14,-13.5
1019,GoldenState,Utah,2,2.5,-135,115,124,123,1,-1,-1.5
1019,OklahomaCity,LAClippers,-1.5,-3.0,130,-150,92,108,-16,-14.5,-13.0
1020,Toronto,Washington,1,-2.0,110,-130,117,113,4,3,6.0
1020,Brooklyn,Indiana,-9,-8.0,303,-380,112,132,-20,-11,-12.0
1020,Orlando,Philadelphia,-11.5,-12.5,797,-1300,115,116,-1,10.5,11.5
1020,Boston,NewYork,8,9.5,-500,384,103,101,2,-6,-7.5
1020,Charlotte,Miami,-5,-3.5,135,-155,113,112,1,6,4.5
1020,Detroit,Chicago,2.5,5.0,-200,170,118,116,2,-0.5,-3.0
1020,Minnesota,Dallas,2.5,-2.0,110,-130,136,140,-4,-6.5,-2.0
1020,Phoenix,Denver,-9,-10.5,459,-620,91,119,-28,-19,-17.5
1020,SanAntonio,Portland,-4,-5.0,172,-205,108,121,-13,-9,-8.0
1020,Houston,LALakers,2,3.5,-160,140,124,115,9,7,5.5
1021,Atlanta,Cleveland,-5.5,-8.0,303,-380,133,111,22,27.5,30.0
1021,Sacramento,OklahomaCity,-8.5,-10.5,477,-650,131,120,11,19.5,21.5
1021,GoldenState,Denver,3,4.5,-189,163,98,100,-2,-5,-6.5
1021,Houston,LAClippers,2.5,-2.5,115,-135,112,115,-3,-5.5,-0.5
1022,Charlotte,Toronto,-9,-8.5,317,-400,106,127,-21,-12,-12.5
1022,Orlando,Boston,-12,-11.0,611,-894,93,90,3,15,14.0
1022,Indiana,Minnesota,-2,-2.0,110,-130,91,101,-10,-8,-8.0
1022,NewYork,Milwaukee,-10,-11.5,614,-900,113,124,-11,-1,0.5
1022,Chicago,Dallas,-4.5,-5.0,170,-200,109,115,-6,-1.5,-1.0
1022,Memphis,Utah,-9,-11.0,506,-700,92,84,8,17,19.0
1022,Washington,Portland,-4.5,-4.5,160,-185,125,124,1,5.5,5.5
1022,SanAntonio,LALakers,-1,-2.0,110,-130,143,142,1,2,3.0
1022,Phoenix,GoldenState,-13,-12.5,797,-1300,103,123,-20,-7,-7.5
1023,Philadelphia,Detroit,3,1.0,-120,100,132,133,-1,-4,-2.0
1023,LAClippers,NewOrleans,-5.5,-5.5,203,-245,109,116,-7,-1.5,-1.5
1023,Sacramento,Denver,-11.5,-12.0,614,-900,112,126,-14,-2.5,-2.0
1024,Brooklyn,Cleveland,-3,-2.5,125,-145,102,86,16,19,18.5
1024,Dallas,Atlanta,2.5,2.0,-130,110,104,111,-7,-9.5,-9.0
1024,NewYork,Miami,-8,-8.0,300,-400,87,110,-23,-15,-15.0
1024,Minnesota,Toronto,-8,-8.5,325,-425,105,112,-7,1,1.5
1024,Charlotte,Chicago,3.5,4.5,-200,170,110,112,-2,-5.5,-6.5
1024,Utah,Houston,-3.5,-1.0,-105,-115,100,89,11,14.5,12.0
1024,Indiana,SanAntonio,-2,-1.5,105,-125,116,96,20,22,21.5
1024,Philadelphia,Milwaukee,-4.5,-5.0,180,-220,108,123,-15,-10.5,-10.0
1024,LALakers,Phoenix,2,5.5,-230,185,131,113,18,16,12.5
1024,Memphis,Sacramento,2,2.5,-140,120,92,97,-5,-7,-7.5
1024,Washington,GoldenState,-9.5,-10.0,450,-650,122,144,-22,-12.5,-12.0
1025,Cleveland,Detroit,-6.5,-9.5,375,-500,103,110,-7,-0.5,2.5
1025,Portland,Orlando,3.5,3.5,-170,145,128,114,14,10.5,10.5
1025,Boston,OklahomaCity,-1.5,0.0,-110,-110,101,95,6,7.5,6.0
1025,Denver,LALakers,3.5,1.5,-120,100,114,121,-7,-10.5,-8.5
1026,Chicago,Charlotte,-8,-10.5,450,-650,106,135,-29,-21,-18.5
1026,Dallas,Toronto,-10.5,-11.5,650,-1000,107,116,-9,1.5,2.5
1026,GoldenState,NewYork,11.5,11.5,-1000,650,128,100,28,16.5,16.5
1026,Brooklyn,NewOrleans,-9.5,-9.0,375,-500,115,117,-2,7.5,7.0
1026,LAClippers,Houston,-3,-4.0,150,-180,133,113,20,23,24.0
1026,Milwaukee,Minnesota,2,2.0,-130,110,125,95,30,28,28.0
1026,Washington,Sacramento,4.5,5.5,-240,190,112,116,-4,-8.5,-9.5
1027,Boston,Detroit,3.5,3.5,-160,140,109,89,20,16.5,16.5
1027,Utah,NewOrleans,0,6.0,-260,210,132,111,21,21,15.0
1027,Charlotte,Philadelphia,-6,-7.0,230,-280,103,105,-2,4,5.0
1027,Chicago,Atlanta,-4,-5.5,190,-240,97,85,12,16,17.5
1027,Indiana,Cleveland,6.5,7.5,-350,275,119,107,12,5.5,4.5
1027,Portland,Miami,-1,-1.5,105,-125,111,120,-9,-8,-7.5
1027,Phoenix,Memphis,-9.5,-7.5,275,-350,96,117,-21,-11.5,-13.5
1027,LALakers,SanAntonio,-1.5,1.0,-115,-105,106,110,-4,-2.5,-5.0
1027,Orlando,Milwaukee,-9,-9.0,375,-500,91,113,-22,-13,-13.0
1028,GoldenState,Brooklyn,10,9.5,-650,450,120,114,6,-4,-3.5
1028,Phoenix,OklahomaCity,-11.5,-13.0,1000,-2000,110,117,-7,4.5,6.0
1028,Utah,Dallas,3.5,4.5,-200,170,113,104,9,5.5,4.5
1028,Washington,LAClippers,-4,-3.5,145,-170,104,136,-32,-28,-28.5
1029,Atlanta,Philadelphia,-11,-11.0,650,-1000,92,113,-21,-10,-10.0
1029,Portland,Indiana,-3,-4.0,145,-170,103,93,10,13,14.0
1029,Sacramento,Miami,-8,-9.5,375,-500,123,113,10,18,19.5
1029,Brooklyn,NewYork,-1.5,-1.0,100,-120,96,115,-19,-17.5,-18.0
1029,Toronto,Milwaukee,1,2.0,-130,110,109,124,-15,-16,-17.0
1029,GoldenState,Chicago,11,11.0,-900,600,149,124,25,14,14.0
1029,LALakers,Minnesota,-1,1.5,-125,105,120,124,-4,-3,-5.5
1029,Dallas,SanAntonio,-6.5,-7.0,250,-310,108,113,-5,1.5,2.0
1029,NewOrleans,Denver,-7,-9.5,375,-500,111,116,-5,2,4.5
1030,Atlanta,Cleveland,-3,-4.5,172,-205,114,136,-22,-19,-17.5
1030,Miami,Charlotte,-3.5,-3.5,140,-160,113,125,-12,-8.5,-8.5
1030,Sacramento,Orlando,-4,-4.5,170,-200,107,99,8,12,12.5
1030,Detroit,Boston,-8.5,-8.5,371,-480,105,108,-3,5.5,5.5
1030,Philadelphia,Toronto,-6.5,-6.0,215,-260,112,129,-17,-10.5,-11.0
1030,Portland,Houston,-2.5,-4.5,170,-200,104,85,19,21.5,23.5
1030,LAClippers,OklahomaCity,-2.5,-4.0,144,-165,110,128,-18,-15.5,-14.0
1030,Washington,Memphis,-1,-1.0,-105,-115,95,107,-12,-11,-11.0
1031,Detroit,Brooklyn,1,-2.0,110,-130,119,120,-1,-2,1.0
1031,Denver,Chicago,8.5,8.0,-400,317,108,107,1,-7.5,-7.0
1031,Indiana,NewYork,5.5,6.0,-256,212,107,101,6,0.5,0.0
1031,Utah,Minnesota,2.5,7.0,-320,260,125,128,-3,-5.5,-10.0
1031,NewOrleans,GoldenState,-12,-8.5,386,-502,121,131,-10,2,-1.5
1031,SanAntonio,Phoenix,7.5,6.5,-350,281,120,90,30,22.5,23.5
1031,Dallas,LALakers,-7,-7.5,318,-402,113,114,-1,6,6.5
1101,OklahomaCity,Charlotte,-1,-1.0,100,-120,111,107,4,5,5.0
1101,LAClippers,Philadelphia,-4.5,-5.5,190,-240,113,122,-9,-4.5,-3.5
1101,Denver,Cleveland,5,5.0,-230,185,110,91,19,14,14.0
1101,Sacramento,Atlanta,2,2.0,-135,115,146,115,31,29,29.0
1101,Milwaukee,Boston,-3,-2.5,120,-140,113,117,-4,-1,-1.5
1101,NewOrleans,Portland,-4,-8.0,275,-350,119,132,-13,-9,-5.0
1102,LAClippers,Orlando,3.5,3.5,-170,145,120,95,25,21.5,21.5
1102,Houston,Brooklyn,4.5,4.0,-190,160,119,111,8,3.5,4.0
1102,OklahomaCity,Washington,-2.5,-3.5,145,-170,134,111,23,25.5,26.5
1102,Indiana,Chicago,7.5,7.0,-310,250,107,105,2,-5.5,-5.0
1102,NewYork,Dallas,-6,-5.5,200,-250,118,106,12,18,17.5
1102,Memphis,Utah,-8,-8.0,275,-350,110,100,10,18,18.0
1102,Toronto,Phoenix,10,10.0,-650,450,107,98,9,-1,-1.0
1102,Minnesota,GoldenState,-11,-10.5,550,-800,99,116,-17,-6,-6.5
1103,Detroit,Philadelphia,-7.5,-7.5,275,-350,99,109,-10,-2.5,-2.5
1103,Boston,Indiana,1,3.5,-165,142,101,102,-1,-2,-4.5
1103,Cleveland,Charlotte,-9.5,-10.0,450,-650,94,126,-32,-22.5,-22.0
1103,Miami,Atlanta,5.5,5.5,-240,190,118,123,-5,-10.5,-10.5
1103,Houston,Chicago,8,8.5,-425,325,96,88,8,0,-0.5
1103,NewOrleans,SanAntonio,-3,-2.0,105,-125,95,109,-14,-11,-12.0
1103,Utah,Denver,-4,-4.5,160,-190,88,103,-15,-11,-10.5
1103,LALakers,Portland,-3.5,-3.5,135,-155,114,110,4,7.5,7.5
1104,Sacramento,Milwaukee,-10,-10.0,450,-650,109,144,-35,-25,-25.0
1104,Philadelphia,Brooklyn,4,4.0,-180,150,97,122,-25,-29,-29.0
1104,NewYork,Washington,-6.5,-6.5,240,-300,95,108,-13,-6.5,-6.5
1104,Orlando,SanAntonio,-8,-7.5,280,-360,117,110,7,15,14.5
1104,Memphis,Phoenix,3,4.0,-190,160,100,102,-2,-5,-6.0
1104,Minnesota,Portland,-4,-6.0,225,-275,81,111,-30,-26,-24.0
1104,Toronto,LALakers,3,-1.5,105,-125,121,107,14,11,15.5
1105,Houston,Indiana,0,0.0,-110,-110,98,94,4,4,4.0
1105,Miami,Detroit,-3.5,-3.0,130,-150,120,115,5,8.5,8.0
1105,Cleveland,Orlando,-3.5,-4.0,150,-180,100,102,-2,1.5,2.0
1105,Chicago,NewYork,-2.5,-3.0,130,-150,116,115,1,3.5,4.0
1105,NewOrleans,OklahomaCity,-4.5,-3.5,140,-160,116,122,-6,-1.5,-2.5
1105,Boston,Denver,-2,-1.0,100,-120,107,115,-8,-6,-7.0
1105,Toronto,Utah,1.5,-3.0,135,-155,124,111,13,11.5,16.0
1105,Memphis,GoldenState,-14,-14.0,1000,-2000,101,117,-16,-2,-2.0
1105,Minnesota,LAClippers,-5,-5.5,190,-240,109,120,-11,-6,-5.5
1106,Atlanta,Charlotte,-11,-11.5,600,-900,102,113,-11,0,0.5
1106,Washington,Dallas,-1,1.5,-125,105,100,119,-19,-18,-20.5
1106,Brooklyn,Phoenix,0,2.5,-140,120,104,82,22,22,19.5
1106,Milwaukee,Portland,-1,2.0,-130,110,103,118,-15,-14,-17.0
1107,Detroit,Orlando,1,3.0,-155,135,103,96,7,6,4.0
1107,OklahomaCity,Cleveland,5.5,6.5,-280,230,95,86,9,3.5,2.5
1107,NewYork,Atlanta,1,1.5,-120,100,112,107,5,4,3.5
1107,SanAntonio,Miami,-1.5,-1.0,-105,-115,88,95,-7,-5.5,-6.0
1107,Denver,Memphis,3.5,3.5,-160,140,87,89,-2,-5.5,-5.5
1107,Chicago,NewOrleans,-10.5,-11.0,550,-800,98,107,-9,1.5,2.0
1107,Philadelphia,Indiana,-2.5,-2.5,125,-145,100,94,6,8.5,8.5
1107,Dallas,Utah,-10,-9.5,400,-550,102,117,-15,-5,-5.5
1107,Toronto,Sacramento,8,9.0,-550,400,114,105,9,1,0.0
1107,Minnesota,LALakers,-5,-6.0,220,-270,110,114,-4,1,2.0
1108,Houston,OklahomaCity,4.5,5.0,-210,175,80,98,-18,-22.5,-23.0
1108,Boston,Phoenix,8.5,9.5,-500,375,116,109,7,-1.5,-2.5
1108,LAClippers,Portland,-4.5,-5.0,180,-220,105,116,-11,-6.5,-6.0
1108,Milwaukee,GoldenState,-6,-5.5,220,-270,134,111,23,29,28.5
1109,Washington,Orlando,3,4.0,-170,145,108,117,-9,-12,-13.0
1109,Charlotte,Philadelphia,-5,-5.5,190,-240,132,133,-1,4,4.5
1109,Detroit,Atlanta,5,5.5,-250,200,124,109,15,10,9.5
1109,Indiana,Miami,-1,2.5,-135,115,110,102,8,9,5.5
1109,Brooklyn,Denver,9.5,-8.5,350,-450,112,110,2,-7.5,10.5
1109,Boston,Utah,-3,-6.0,220,-270,115,123,-8,-5,-2.0
1109,Minnesota,Sacramento,3,2.0,-135,115,110,121,-11,-14,-13.0
1110,NewYork,Toronto,-14,-14.5,1000,-2000,112,128,-16,-2,-1.5
1110,Milwaukee,LAClippers,3,4.0,-190,160,126,128,-2,-5,-6.0
1110,Phoenix,NewOrleans,-10,-9.0,375,-500,99,119,-20,-10,-11.0
1110,Cleveland,Chicago,-4,-4.5,170,-200,98,99,-1,3,3.5
1110,Washington,Miami,-3,-3.5,145,-170,116,110,6,9,9.5
1110,Philadelphia,Memphis,0,-4.5,170,-200,106,112,-6,-6,-1.5
1110,Brooklyn,GoldenState,-10,-8.0,300,-400,100,116,-16,-6,-8.0
1110,Houston,SanAntonio,0,3.5,-170,145,89,96,-7,-7,-10.5
1110,OklahomaCity,Dallas,1,-1.5,105,-125,96,111,-15,-16,-13.5
1110,LALakers,Sacramento,5.5,5.5,-250,200,101,86,15,9.5,9.5
1111,Charlotte,Detroit,-2,-2.5,120,-140,113,103,10,12,12.5
1111,Indiana,Houston,-2.5,-2.5,125,-145,103,115,-12,-9.5,-9.5
1111,Orlando,NewYork,-1.5,-3.5,142,-165,115,89,26,27.5,29.5
1111,Milwaukee,Denver,-2,-3.5,140,-160,121,114,7,9,10.5
1111,Boston,Portland,-2.5,-2.0,110,-130,94,100,-6,-3.5,-4.0
1111,Atlanta,LALakers,-11.5,-11.0,550,-800,106,107,-1,10.5,10.0
1112,Orlando,Washington,-8.5,-7.5,280,-360,109,117,-8,0.5,-0.5
1112,Philadelphia,Miami,-1,-2.5,120,-140,124,114,10,11,12.5
1112,NewOrleans,Toronto,-8.5,-10.0,400,-550,126,110,16,24.5,26.0
1112,Dallas,Chicago,-1,2.5,-140,120,103,98,5,6,2.5
1112,Utah,Memphis,2,3.5,-170,145,96,88,8,6,4.5
1112,Phoenix,OklahomaCity,-8.5,-8.0,300,-400,101,118,-17,-8.5,-9.0
1112,Brooklyn,Minnesota,-2.5,-4.0,145,-170,113,120,-7,-4.5,-3.0
1112,SanAntonio,Sacramento,3.5,2.5,-140,120,99,104,-5,-8.5,-7.5
1112,GoldenState,LAClippers,2,3.5,-170,145,116,121,-5,-7,-8.5
1113,Charlotte,Cleveland,6.5,9.0,-450,350,89,113,-24,-30.5,-33.0
1113,Houston,Denver,-4,-4.5,150,-180,109,99,10,14,14.5
1113,Atlanta,GoldenState,-13,-11.5,650,-1000,103,110,-7,6,4.5
1114,Philadelphia,Orlando,6,5.5,-240,190,106,111,-5,-11,-10.5
1114,Cleveland,Washington,-11,-12.5,700,-1100,95,119,-24,-13,-11.5
1114,Chicago,Boston,-12,-13.0,800,-1400,82,111,-29,-17,-16.0
1114,Detroit,Toronto,-10,-9.5,400,-550,106,104,2,12,11.5
1114,Miami,Brooklyn,1.5,2.0,-135,115,120,107,13,11.5,11.0
1114,NewYork,OklahomaCity,-9,-8.0,320,-420,103,128,-25,-16,-17.0
1114,NewOrleans,Minnesota,-1,1.5,-130,110,100,107,-7,-6,-8.5
1114,Memphis,Milwaukee,-9.5,-9.5,400,-550,116,113,3,12.5,12.5
1114,Utah,Dallas,3.5,5.0,-220,180,68,118,-50,-53.5,-55.0
1114,SanAntonio,Phoenix,5,6.0,-250,200,96,116,-20,-25,-26.0
1114,Portland,LALakers,-1,-2.0,115,-135,117,126,-9,-8,-7.0
1115,GoldenState,Houston,0,-4.5,160,-190,86,107,-21,-21,-16.5
1115,Atlanta,Denver,-12.5,-14.0,850,-1500,93,138,-45,-32.5,-31.0
1115,SanAntonio,LAClippers,-5,-6.5,230,-280,111,116,-5,0,1.5
1116,Brooklyn,Washington,-6.5,-6.0,220,-270,115,104,11,17.5,17.0
1116,Miami,Indiana,-4.5,-5.5,180,-220,91,99,-8,-3.5,-2.5
1116,Utah,Philadelphia,-2.5,-2.5,125,-145,107,113,-6,-3.5,-3.5
1116,Toronto,Boston,-1.5,-2.0,115,-135,116,123,-7,-5.5,-5.0
1116,Portland,Minnesota,1,-1.0,100,-120,96,112,-16,-17,-15.0
1116,Sacramento,Memphis,-6,-6.5,225,-275,104,112,-8,-2,-1.5
1116,NewYork,NewOrleans,-10,-11.0,500,-700,124,129,-5,5,6.0
1116,Chicago,Milwaukee,-13.5,-14.5,1000,-2000,104,123,-19,-5.5,-4.5
1117,LAClippers,Brooklyn,6,4.0,-180,150,127,119,8,2,4.0
1117,LALakers,Orlando,5,4.0,-185,155,117,130,-13,-18,-17.0
1117,Atlanta,Indiana,-12.5,-11.0,550,-800,89,97,-8,4.5,3.0
1117,Denver,NewOrleans,1,0.0,-110,-110,115,125,-10,-11,-10.0
1117,Philadelphia,Charlotte,-2,-2.5,125,-145,122,119,3,5,5.5
1117,Utah,Boston,-4.5,-4.0,155,-185,98,86,12,16.5,16.0
1117,Sacramento,Houston,-11.5,-12.5,750,-1200,112,132,-20,-8.5,-7.5
1117,Toronto,Chicago,9,10.0,-600,425,122,83,39,30,29.0
1117,GoldenState,Dallas,3.5,2.5,-135,115,109,112,-3,-6.5,-5.5
1117,OklahomaCity,Phoenix,6.5,4.5,-200,170,110,100,10,3.5,5.5
1118,Memphis,Minnesota,-3.5,-5.0,175,-210,100,87,13,16.5,18.0
1118,Portland,Washington,1,1.5,-125,105,119,109,10,9,8.5
1118,LALakers,Miami,-1.5,1.0,-115,-105,113,97,16,17.5,15.0
1118,NewYork,Orlando,-4,-4.5,170,-200,117,131,-14,-10,-9.5
1118,GoldenState,SanAntonio,-1.5,-3.0,135,-155,92,104,-12,-10.5,-9.0
1119,Boston,Charlotte,1,3.5,-180,150,112,117,-5,-6,-8.5
1119,Utah,Indiana,1,4.0,-180,150,94,121,-27,-28,-31.0
1119,Phoenix,Philadelphia,-12.5,-11.0,600,-900,114,119,-5,7.5,6.0
1119,Cleveland,Detroit,-10,-9.5,400,-550,102,113,-11,-1,-1.5
1119,LAClippers,Atlanta,7.5,6.5,-275,225,127,119,8,0.5,1.5
1119,Denver,Milwaukee,-5,-5.5,200,-250,98,104,-6,-1,-0.5
1119,SanAntonio,NewOrleans,-7.5,-7.5,260,-330,126,140,-14,-6.5,-6.5
1119,Dallas,Memphis,-3.5,-3.0,135,-155,88,98,-10,-6.5,-7.0
1119,OklahomaCity,Sacramento,2.5,5.0,-200,170,113,117,-4,-6.5,-9.0
1120,Toronto,Orlando,6.5,7.0,-330,260,93,91,2,-4.5,-5.0
1120,LAClippers,Washington,-1,0.0,-110,-110,118,125,-7,-6,-7.0
1120,Portland,NewYork,7.5,7.0,-300,240,118,114,4,-3.5,-3.0
1120,Brooklyn,Miami,-3,-2.5,125,-145,104,92,12,15,14.5
1121,NewOrleans,Philadelphia,-3.5,-3.5,145,-170,120,121,-1,2.5,2.5
1121,Indiana,Charlotte,-2.5,-3.5,142,-165,109,127,-18,-15.5,-14.5
1121,Toronto,Atlanta,9.5,8.0,-400,300,124,108,16,6.5,8.0
1121,NewYork,Boston,-14,-14.5,1000,-2000,117,109,8,22,22.5
1121,Detroit,Houston,-8.5,-9.0,350,-450,124,126,-2,6.5,7.0
1121,Portland,Milwaukee,-5.5,-7.5,260,-330,100,143,-43,-37.5,-35.5
1121,Denver,Minnesota,-1,0.0,-110,-110,103,101,2,3,2.0
1121,Phoenix,Chicago,-2,1.0,-120,100,116,124,-8,-6,-9.0
1121,LALakers,Cleveland,9,9.0,-500,375,109,105,4,-5,-5.0
1121,Memphis,SanAntonio,-2.5,-3.0,135,-155,104,103,1,3.5,4.0
1121,Brooklyn,Dallas,-7,-5.0,180,-220,113,119,-6,1,-1.0
1121,Sacramento,Utah,-9.5,-9.5,400,-550,119,110,9,18.5,18.5
1121,OklahomaCity,GoldenState,-1,0.0,-110,-110,123,95,28,29,28.0
1123,Minnesota,Brooklyn,1,2.0,-125,105,112,102,10,9,8.0
1123,Memphis,LAClippers,-3,-4.5,155,-179,107,112,-5,-2,-0.5
1123,Houston,Detroit,3.5,3.5,-180,155,111,116,-5,-8.5,-8.5
1123,NewOrleans,NewYork,7.5,7.5,-300,245,109,114,-5,-12.5,-12.5
1123,Cleveland,Philadelphia,-13.5,-13.0,797,-1300,121,112,9,22.5,22.0
1123,Washington,Toronto,-10,-10.5,435,-580,107,125,-18,-8,-7.5
1123,Boston,Atlanta,9.5,8.0,-350,281,114,96,18,8.5,10.0
1123,Miami,Chicago,2,4.0,-170,148,103,96,7,5,3.0
1123,SanAntonio,Indiana,-3,-1.5,105,-125,111,100,11,14,12.5
1123,Charlotte,OklahomaCity,-6,-7.0,227,-277,104,109,-5,1,2.0
1123,Phoenix,Milwaukee,-14,-13.5,837,-1400,116,114,2,16,15.5
1123,Orlando,Denver,-8,-8.5,317,-400,87,112,-25,-17,-16.5
1123,Utah,LALakers,-2,-3.0,125,-145,83,90,-7,-5,-4.0
1123,Portland,GoldenState,-2,-1.0,-107,-114,97,125,-28,-26,-27.0
1124,Houston,Cleveland,11,6.5,-330,267,108,117,-9,-20,-15.5
1124,NewOrleans,Washington,2,-3.5,139,-159,114,124,-10,-12,-6.5
1124,Chicago,Minnesota,-9.5,-11.5,520,-725,96,111,-15,-5.5,-3.5
1124,Denver,OklahomaCity,-5,-6.0,199,-240,105,98,7,12,13.0
1124,SanAntonio,Milwaukee,-9,-10.0,398,-522,129,135,-6,3,4.0
1124,Sacramento,GoldenState,-4.5,-6.5,222,-270,116,117,-1,3.5,5.5
1124,Boston,Dallas,2.5,2.5,-140,120,104,113,-9,-11.5,-11.5
1125,Orlando,LALakers,-8.5,-7.5,275,-350,108,104,4,12.5,11.5
1125,Phoenix,Detroit,-8.5,-8.5,300,-400,107,118,-11,-2.5,-2.5
1125,Miami,Toronto,-11,-12.0,650,-1000,115,125,-10,1,2.0
1125,Philadelphia,Brooklyn,3,4.5,-200,170,127,125,2,-1,-2.5
1125,NewYork,Memphis,-8.5,-8.0,285,-370,103,98,5,13.5,13.0
1125,Charlotte,Atlanta,8,6.5,-300,240,123,124,-1,-9,-7.5
1125,Utah,Sacramento,3,4.0,-180,150,133,112,21,18,17.0
1125,LAClippers,Portland,-3.5,-4.0,150,-180,104,100,4,7.5,8.0
1126,Minnesota,Cleveland,7,6.0,-240,190,102,95,7,0,1.0
1126,Milwaukee,Charlotte,4.5,4.5,-200,170,107,110,-3,-7.5,-7.5
1126,Houston,Washington,3.5,-1.5,105,-125,131,135,-4,-7.5,-2.5
1126,SanAntonio,Chicago,6,6.5,-280,230,108,107,1,-5,-5.5
1126,Boston,NewOrleans,1.5,-2.0,110,-130,124,107,17,15.5,19.0
1126,Indiana,Utah,-4.5,-4.5,170,-200,121,88,33,37.5,37.5
1126,Orlando,GoldenState,-7.5,-7.0,240,-300,110,116,-6,1.5,1.0
1127,NewYork,Detroit,-7,-7.5,275,-350,108,115,-7,0,0.5
1127,Atlanta,Miami,-7,-7.5,260,-330,115,113,2,9,9.5
1127,Toronto,Memphis,3.5,5.5,-250,200,122,114,8,4.5,2.5
1127,Indiana,Phoenix,2.5,2.5,-145,125,109,104,5,2.5,2.5
1127,LALakers,Denver,-4,-3.0,130,-150,85,117,-32,-28,-29.0
1128,NewYork,Philadelphia,-12.5,-12.5,750,-1200,91,117,-26,-13.5,-13.5
1128,Atlanta,Charlotte,-12,-12.0,650,-1000,94,108,-14,-2,-2.0
1128,Utah,Brooklyn,3,3.5,-170,145,101,91,10,7,6.5
1128,SanAntonio,Minnesota,-4,-4.5,155,-185,89,128,-39,-35,-34.5
1128,Dallas,Houston,-7,-5.5,200,-250,128,108,20,27,25.5
1128,Chicago,Milwaukee,-13.5,-15.0,1100,-2500,113,116,-3,10.5,12.0
1128,Cleveland,OklahomaCity,-13,-12.5,750,-1200,83,100,-17,-4,-4.5
1128,Washington,NewOrleans,-6,-6.5,230,-280,104,125,-21,-15,-14.5
1128,Orlando,Portland,-8.5,-10.0,400,-550,112,115,-3,5.5,7.0
1128,Phoenix,LAClippers,-11,-12.0,600,-900,99,115,-16,-5,-4.0
1129,GoldenState,Toronto,-9.5,-9.5,375,-500,128,131,-3,6.5,6.5
1129,LAClippers,Sacramento,2,2.0,-135,115,133,121,12,10,10.0
1129,Indiana,LALakers,-5,-5.0,180,-220,96,104,-8,-3,-3.0
1130,Washington,Philadelphia,-7.5,-8.5,340,-440,98,123,-25,-17.5,-16.5
1130,Chicago,Detroit,-9,-8.5,340,-440,88,107,-19,-10,-10.5
1130,Cleveland,Boston,-13.5,-12.5,850,-1500,95,128,-33,-19.5,-20.5
1130,Utah,Charlotte,-1.5,-2.0,110,-130,119,111,8,9.5,10.0
1130,Memphis,Brooklyn,2,2.5,-145,125,131,125,6,4,3.5
1130,NewOrleans,Miami,3,3.0,-150,130,101,106,-5,-8,-8.0
1130,Houston,SanAntonio,-1,3.5,-180,150,136,105,31,32,27.5
1130,Atlanta,OklahomaCity,-13.5,-13.0,850,-1500,109,124,-15,-1.5,-2.0
1130,Orlando,Phoenix,1.5,4.5,-190,160,99,85,14,12.5,9.5
1130,Dallas,LALakers,-4.5,-4.0,150,-180,103,114,-11,-6.5,-7.0
1130,Denver,Portland,-2.5115,-1.5,105,-125,113,112,1,3.5115,2.5
1201,Milwaukee,NewYork,9,8.5,-425,325,134,136,-2,-11,-10.5
1201,GoldenState,Detroit,4,4.5,-210,175,102,111,-9,-13,-13.5
1201,Brooklyn,Washington,-4.5,-6.5,225,-275,88,102,-14,-9.5,-7.5
1201,Boston,Minnesota,-1.5,-1.5,105,-125,118,109,9,10.5,10.5
1201,Chicago,Houston,-11.5,-13.5,900,-1600,105,121,-16,-4.5,-2.5
1201,Toronto,Cleveland,13.5,12.5,-1200,750,106,95,11,-2.5,-1.5
1201,Indiana,Sacramento,0,1.5,-125,105,110,111,-1,-1,-2.5
1202,Phoenix,LALakers,-11,-12.0,600,-900,96,120,-24,-13,-12.0
1202,NewOrleans,Charlotte,-1.5,-3.0,130,-150,119,109,10,11.5,13.0
1202,Memphis,Philadelphia,-5.5,-6.5,225,-275,95,103,-8,-2.5,-1.5
1202,Utah,Miami,3.5,4.0,-180,150,100,102,-2,-5.5,-6.0
1202,Portland,SanAntonio,1,0.0,-110,-110,118,131,-13,-14,-13.0
1202,LAClippers,Dallas,1,3.0,-160,140,110,114,-4,-5,-7.0
1203,OklahomaCity,Detroit,1.5,2.0,-135,115,110,83,27,25.5,25.0
1203,Washington,NewYork,2,2.0,-130,110,110,107,3,1,1.0
1203,GoldenState,Atlanta,10.5,11.0,-800,550,128,111,17,6.5,6.0
1203,Denver,Toronto,-6.5,-7.0,240,-300,106,103,3,9.5,10.0
1203,Cleveland,Brooklyn,-6,-6.0,210,-260,99,97,2,8,8.0
1203,Houston,Minnesota,1.5,2.5,-140,120,91,103,-12,-13.5,-14.5
1203,LAClippers,NewOrleans,-3,-1.5,105,-125,129,126,3,6,4.5
1204,Chicago,Indiana,-9,-8.5,320,-420,90,96,-6,3,2.5
1204,Orlando,Miami,-1.5,-2.5,125,-145,105,90,15,16.5,17.5
1204,Portland,Dallas,0,-1.5,105,-125,102,111,-9,-9,-7.5
1204,Sacramento,Phoenix,6,5.5,-240,190,122,105,17,11,11.5
1204,SanAntonio,Utah,-5.5,-8.0,275,-350,105,139,-34,-28.5,-26.0
1205,GoldenState,Cleveland,11,11.0,-850,575,129,105,24,13,13.0
1205,Denver,Orlando,4.5,4.5,-200,170,124,118,6,1.5,1.5
1205,Washington,Atlanta,5.5,3.5,-160,140,131,117,14,8.5,10.5
1205,OklahomaCity,Brooklyn,7,6.0,-270,220,114,112,2,-5,-4.0
1205,Charlotte,Minnesota,-3.5,-4.5,170,-200,104,121,-17,-13.5,-12.5
1205,Philadelphia,Toronto,-6,-6.5,220,-270,102,113,-11,-5,-4.5
1205,Detroit,Milwaukee,-8,-7.5,260,-330,92,115,-23,-15,-15.5
1205,Dallas,NewOrleans,-6,-5.5,180,-220,106,132,-26,-20,-20.5
1205,LAClippers,Memphis,0,-2.0,110,-130,86,96,-10,-10,-8.0
1205,SanAntonio,LALakers,-7,-7.5,300,-400,113,121,-8,-1,-0.5
1206,NewYork,Boston,-12.5,-13.5,850,-1500,100,128,-28,-15.5,-14.5
1206,Phoenix,Portland,-14,-13.0,800,-1400,86,108,-22,-8,-9.0
1206,Houston,Utah,-1.5,-1.5,105,-125,91,118,-27,-25.5,-25.5
1207,Philadelphia,Detroit,1.5,-2.0,115,-135,117,111,6,4.5,8.0
1207,Indiana,Orlando,-1.5,-3.5,145,-170,112,90,22,23.5,25.5
1207,Denver,Charlotte,1.5,-1.0,100,-120,107,113,-6,-7.5,-5.0
1207,Sacramento,Cleveland,3.5,3.0,-155,135,129,110,19,15.5,16.0
1207,Toronto,Brooklyn,9.5,8.5,-420,320,105,106,-1,-10.5,-9.5
1207,Memphis,NewOrleans,-4.5,-5.0,190,-240,107,103,4,8.5,9.0
1207,OklahomaCity,Chicago,9.5,8.5,-500,375,112,114,-2,-11.5,-10.5
1207,LALakers,SanAntonio,1,1.0,-120,100,120,133,-13,-14,-14.0
1207,Miami,Phoenix,8,8.5,-420,320,115,98,17,9,8.5
1207,GoldenState,Milwaukee,-1.5,-2.0,110,-130,105,95,10,11.5,12.0
1208,Houston,Dallas,3,3.5,-169,146,104,107,-3,-6,-6.5
1208,Sacramento,Indiana,-3,-5.0,172,-205,97,107,-10,-7,-5.0
1208,Denver,Atlanta,8.5,5.5,-230,192,98,106,-8,-16.5,-13.5
1208,Washington,Cleveland,5.5,7.5,-350,281,101,116,-15,-20.5,-22.5
1208,Brooklyn,NewYork,-2,-2.0,105,-125,112,104,8,10,10.0
1208,Boston,Chicago,7.5,7.5,-345,278,133,77,56,48.5,48.5
1208,LALakers,Memphis,-2.5,-2.5,120,-140,111,88,23,25.5,25.5
1208,Minnesota,Portland,-1.5,-3.5,144,-165,105,113,-8,-6.5,-4.5
1208,Miami,LAClippers,-6.5,-9.5,428,-570,121,98,23,29.5,32.5
1209,NewOrleans,Detroit,1,2.5,-140,120,116,108,8,7,5.5
1209,Milwaukee,Toronto,-5.5,-5.0,175,-210,104,99,5,10.5,10.0
1209,Utah,SanAntonio,2.5,4.0,-180,150,97,110,-13,-15.5,-17.0
1209,Charlotte,NewYork,5.5,6.0,-250,200,119,107,12,6.5,6.0
1210,Washington,Indiana,-7,-6.0,200,-250,101,109,-8,-1,-2.0
1210,Detroit,Philadelphia,-8,-11.5,600,-900,102,116,-14,-6,-2.5
1210,NewOrleans,Boston,-6,-2.5,120,-140,100,113,-13,-7,-10.5
1210,Cleveland,Milwaukee,-14,-10.0,425,-600,92,108,-16,-2,-6.0
1210,Utah,OklahomaCity,-5,-5.0,180,-220,113,122,-9,-4,-4.0
1210,Sacramento,Chicago,1.5,2.0,-130,110,108,89,19,17.5,17.0
1210,Orlando,Dallas,-5.5,-4.5,160,-190,76,101,-25,-19.5,-20.5
1210,LAClippers,Phoenix,11,9.5,-600,425,123,119,4,-7,-5.5
1210,Memphis,Denver,-1.5,-3.0,140,-160,99,105,-6,-4.5,-3.0
1210,Minnesota,GoldenState,-10,-10.0,425,-600,108,116,-8,2,2.0
1210,Miami,LALakers,-5,-5.0,180,-220,105,108,-3,2,2.0
1211,Portland,Houston,-6,-6.5,225,-275,104,111,-7,-1,-0.5
1211,Phoenix,SanAntonio,-12.5,-12.5,775,-1300,86,111,-25,-12.5,-12.5
1211,Toronto,LAClippers,4,3.0,-160,140,123,99,24,20,21.0
1212,Brooklyn,Philadelphia,-8.5,-6.0,210,-260,127,124,3,11.5,9.0
1212,Boston,Washington,5,3.5,-180,150,130,125,5,0,1.5
1212,NewYork,Cleveland,1.5,1.0,-115,-105,106,113,-7,-8.5,-8.0
1212,Detroit,Charlotte,-5,-5.5,185,-230,107,108,-1,4,4.5
1212,Milwaukee,Indiana,2,2.0,-130,110,97,113,-16,-18,-18.0
1212,Portland,Memphis,-3,-3.5,145,-170,83,92,-9,-6,-5.5
1212,OklahomaCity,NewOrleans,-1,2.5,-140,120,114,118,-4,-3,-6.5
1212,Atlanta,Dallas,-10,-9.5,400,-550,107,114,-7,3,2.5
1212,Miami,Utah,-5.5,-8.5,325,-425,84,111,-27,-21.5,-18.5
1212,Minnesota,Sacramento,2,3.0,-150,130,130,141,-11,-13,-14.0
1212,Toronto,GoldenState,-7,-8.0,275,-350,113,93,20,27,28.0
1213,LALakers,Houston,-5.5,-6.0,200,-250,111,126,-15,-9.5,-9.0
1213,LAClippers,SanAntonio,-2,-3.0,130,-150,87,125,-38,-36,-35.0
1213,Chicago,Orlando,-4,-5.5,190,-240,91,97,-6,-2,-0.5
1213,Dallas,Phoenix,7.5,6.0,-260,210,89,99,-10,-17.5,-16.0
1214,Atlanta,Boston,-13.5,-12.0,650,-1000,108,129,-21,-7.5,-9.0
1214,NewYork,Charlotte,-10.5,-10.0,425,-600,126,124,2,12.5,12.0
1214,Milwaukee,Cleveland,10.5,9.5,-550,400,114,102,12,1.5,2.5
1214,Indiana,Philadelphia,-5,-3.0,130,-150,113,101,12,17,15.0
1214,Washington,Brooklyn,0,-3.0,130,-150,118,125,-7,-7,-4.0
1214,Miami,Memphis,-5,-4.0,160,-190,100,97,3,8,7.0
1214,Toronto,Portland,3,1.5,-125,105,122,128,-6,-9,-7.5
1214,GoldenState,Sacramento,8.5,7.0,-370,285,130,125,5,-3.5,-2.0
1214,OklahomaCity,Denver,1,2.0,-130,110,98,109,-11,-12,-13.0
1215,Utah,Orlando,5,6.0,-260,210,89,96,-7,-12,-13.0
1215,LALakers,Charlotte,0,1.0,-120,100,128,100,28,28,27.0
1215,Boston,Detroit,2.5,2.0,-130,110,104,113,-9,-11.5,-11.0
1215,Houston,Memphis,3,5.0,-200,170,105,97,8,5,3.0
1215,Chicago,SanAntonio,-13,-9.5,500,-700,98,93,5,18,14.5
1215,Minnesota,Phoenix,10,7.5,-350,275,99,107,-8,-18,-15.5
1215,LAClippers,OklahomaCity,-6,-6.5,225,-275,104,110,-6,0,0.5
1216,Atlanta,Brooklyn,-8,-7.0,250,-310,127,144,-17,-9,-10.0
1216,Philadelphia,Cleveland,8,9.0,-500,375,128,105,23,15,14.0
1216,NewYork,Indiana,-10,-12.0,650,-1000,99,110,-11,-1,1.0
1216,LALakers,Washington,0,3.0,-155,135,110,128,-18,-18,-21.0
1216,Sacramento,Dallas,-4,-4.5,160,-190,120,113,7,11,11.5
1216,Miami,NewOrleans,-7,-5.5,200,-250,102,96,6,13,11.5
1216,Toronto,Denver,3,-3.5,142,-165,86,95,-9,-12,-5.5
1217,Milwaukee,Detroit,4,3.0,-150,130,107,104,3,-1,0.0
1217,Phoenix,NewYork,-2,1.5,-125,105,128,110,18,20,16.5
1217,Sacramento,Minnesota,-6.5,-8.5,280,-360,105,132,-27,-20.5,-18.5
1217,Chicago,OklahomaCity,-14,-12.5,750,-1200,96,121,-25,-11,-12.5
1217,Utah,Houston,-6,-5.0,180,-220,97,102,-5,1,0.0
1217,Philadelphia,SanAntonio,1,-1.0,100,-120,96,123,-27,-28,-26.0
1217,Memphis,GoldenState,-11,-13.0,775,-1300,93,110,-17,-6,-4.0
1217,Portland,LAClippers,-2,-1.5,100,-120,131,127,4,6,5.5
1218,Cleveland,Indiana,-12,-12.5,750,-1200,92,91,1,13,13.5
1218,LALakers,Brooklyn,2.5,1.5,-120,100,110,115,-5,-7.5,-6.5
1218,Washington,Atlanta,4.5,3.0,-160,140,110,118,-8,-12.5,-11.0
1218,Dallas,Denver,-3.5,-4.5,170,-200,118,126,-8,-4.5,-3.5
1219,NewYork,Philadelphia,-13,-12.5,750,-1200,109,131,-22,-9,-9.5
1219,SanAntonio,Orlando,1,3.0,-155,135,129,90,39,38,36.0
1219,Cleveland,Charlotte,-12,-13.5,850,-1500,99,110,-11,1,2.5
1219,Phoenix,Boston,-12,-12.0,700,-1100,111,103,8,20,20.0
1219,Indiana,Toronto,-8.5,-4.5,155,-185,96,99,-3,5.5,1.5
1219,Detroit,Minnesota,-5.5,-5.5,200,-250,129,123,6,11.5,11.5
1219,Washington,Houston,-10.5,-11.0,600,-900,118,136,-18,-7.5,-7.0
1219,Brooklyn,Chicago,3.5,1.5,-125,105,96,93,3,-0.5,1.5
1219,NewOrleans,Milwaukee,-6,-9.0,350,-450,115,123,-8,-2,1.0
1219,GoldenState,Utah,3,2.0,-130,110,103,108,-5,-8,-7.0
1219,Memphis,Portland,-6,-5.5,210,-260,92,99,-7,-1,-1.5
1219,OklahomaCity,Sacramento,3.5,4.5,-200,170,132,113,19,15.5,14.5
1220,Houston,Miami,3.5,3.0,-150,130,99,101,-2,-5.5,-5.0
1220,Dallas,LAClippers,-3,-3.0,135,-155,121,125,-4,-1,-1.0
1221,Detroit,Charlotte,-3.5,-4.0,150,-180,86,98,-12,-8.5,-8.0
1221,Cleveland,Toronto,-12,-11.5,600,-900,110,126,-16,-4,-4.5
1221,Indiana,Brooklyn,1.5,2.5,-145,125,114,106,8,6.5,5.5
1221,Atlanta,NewYork,-3,-2.0,120,-140,114,107,7,10,9.0
1221,Milwaukee,Boston,-2.5,1.5,-125,105,120,107,13,15.5,11.5
1221,Orlando,Chicago,3.5,3.0,-160,140,80,90,-10,-13.5,-13.0
1221,Minnesota,SanAntonio,-2.5,-4.0,150,-180,98,124,-26,-23.5,-22.0
1221,Memphis,Sacramento,0,-2.0,105,-125,99,102,-3,-3,-1.0
1221,Utah,Portland,-2,-1.0,100,-120,120,90,30,32,31.0
1221,NewOrleans,LALakers,-4.5,-5.0,180,-220,104,112,-8,-3.5,-3.0
1222,Denver,LAClippers,-1.5,-2.5,120,-140,111,132,-21,-19.5,-18.5
1222,Phoenix,Washington,-5.5,-5.0,160,-190,146,149,-3,2.5,2.0
1222,Toronto,Philadelphia,-4.5,-8.0,320,-420,101,126,-25,-20.5,-17.0
1222,SanAntonio,Houston,-6,-4.5,160,-190,101,108,-7,-1,-2.5
1222,Milwaukee,Miami,3.5,1.5,-125,105,87,94,-7,-10.5,-8.5
1222,Dallas,GoldenState,-11,-11.0,600,-900,116,120,-4,7,7.0
1222,OklahomaCity,Utah,0,-2.0,105,-125,107,106,1,1,3.0
1223,Atlanta,Detroit,-9.5,-9.5,375,-500,98,95,3,12.5,12.5
1223,Washington,Indiana,-9,-11.0,500,-700,89,105,-16,-7,-5.0
1223,Miami,Orlando,-2.5,-2.5,120,-140,115,91,24,26.5,26.5
1223,Phoenix,Brooklyn,-7,-9.0,350,-450,103,111,-8,-1,1.0
1223,NewOrleans,Sacramento,1,1.0,-115,-105,117,122,-5,-6,-6.0
1223,Chicago,Cleveland,-2,-1.0,-105,-115,112,92,20,22,21.0
1223,Charlotte,Boston,-6.5,-7.5,275,-350,103,119,-16,-9.5,-8.5
1223,Minnesota,OklahomaCity,-7.5,-6.5,240,-300,114,112,2,9.5,8.5
1223,LAClippers,GoldenState,-10,-10.5,500,-700,127,129,-2,8,8.5
1223,Dallas,Portland,-6.5,-7.5,275,-350,118,121,-3,3.5,4.5
1223,Memphis,LALakers,-6,-5.0,180,-220,107,99,8,14,13.0
1225,Milwaukee,NewYork,10.5,10.0,-600,425,109,95,14,3.5,4.0
1225,OklahomaCity,Houston,-1.5,1.0,-120,100,109,113,-4,-2.5,-5.0
1225,Philadelphia,Boston,-4,-5.0,175,-210,114,121,-7,-3,-2.0
1225,LALakers,GoldenState,-8,-9.0,375,-500,127,101,26,34,35.0
1225,Portland,Utah,-5,-7.0,240,-300,96,117,-21,-16,-14.0
1226,Phoenix,Orlando,-4.5,-5.5,185,-230,122,120,2,6.5,7.5
1226,Washington,Detroit,-4.5,-4.5,160,-190,95,106,-11,-6.5,-6.5
1226,Indiana,Atlanta,8.5,6.5,-280,230,129,121,8,-0.5,1.5
1226,Toronto,Miami,4.5,2.0,-130,110,106,104,2,-2.5,0.0
1226,Charlotte,Brooklyn,-1,-1.5,100,-120,132,134,-2,-1,-0.5
1226,Cleveland,Memphis,-10,-9.5,400,-550,87,95,-8,2,1.5
1226,Minnesota,Chicago,5,4.0,-185,155,119,94,25,20,21.0
1226,NewOrleans,Dallas,-1.5,-2.0,110,-130,119,122,-3,-1.5,-1.0
1226,Denver,SanAntonio,-3,-4.0,150,-180,103,111,-8,-5,-4.0
1226,Sacramento,LAClippers,-5,-4.5,170,-200,118,127,-9,-4,-4.5
1227,Boston,Houston,-1,2.5,-145,125,113,127,-14,-13,-16.5
1227,NewYork,Milwaukee,-14,-14.5,950,-1800,96,112,-16,-2,-1.5
1227,LALakers,Sacramento,-3.5,-4.5,155,-185,116,117,-1,2.5,3.5
1227,Portland,GoldenState,-9,-9.0,350,-450,110,109,1,10,10.0
1227,Philadelphia,Utah,-4,-4.5,170,-200,114,97,17,21,21.5
1228,Brooklyn,Charlotte,-4.5,-4.5,170,-200,87,100,-13,-8.5,-8.5
1228,Detroit,Indiana,-7,-7.0,240,-300,88,125,-37,-30,-30.0
1228,Toronto,Orlando,6.5,4.5,-200,170,87,116,-29,-35.5,-33.5
1228,Chicago,Washington,-4.5,-4.5,170,-200,101,92,9,13.5,13.5
1228,Cleveland,Miami,-9.5,-10.5,450,-650,94,118,-24,-14.5,-13.5
1228,Dallas,NewOrleans,-3.5,-4.0,148,-175,112,114,-2,1.5,2.0
1228,Atlanta,Minnesota,-10,-9.0,375,-500,123,120,3,13,12.0
1228,SanAntonio,Denver,-2,-4.5,160,-190,99,102,-3,-1,1.5
1228,OklahomaCity,Phoenix,7.5,4.5,-190,160,118,102,16,8.5,11.5
1228,LAClippers,LALakers,6,7.0,-310,250,118,107,11,5,4.0
1229,Brooklyn,Milwaukee,-11,-11.0,500,-700,115,129,-14,-3,-3.0
1229,Houston,NewOrleans,1,3.5,-160,140,108,104,4,3,0.5
1229,Charlotte,Washington,2.5,3.5,-170,145,126,130,-4,-6.5,-7.5
1229,Cleveland,Atlanta,-3,-4.0,150,-180,108,111,-3,0,1.0
1229,Boston,Memphis,3,3.5,-170,145,112,103,9,6,5.5
1229,NewYork,Utah,-14,-12.0,700,-1100,97,129,-32,-18,-20.0
1229,Denver,Phoenix,5,5.0,-210,175,122,118,4,-1,-1.0
1229,GoldenState,Portland,3.5,5.5,-230,185,115,105,10,6.5,4.5
1229,SanAntonio,LAClippers,-2,-2.5,120,-140,122,111,11,13,13.5
1230,Detroit,Orlando,-2,-1.5,105,-125,107,109,-2,0,-0.5
1230,Minnesota,Miami,-3,-3.5,142,-165,113,104,9,12,12.5
1230,Chicago,Toronto,-10.5,-11.0,550,-800,89,95,-6,4.5,5.0
1230,OklahomaCity,Dallas,2.5,2.5,-140,120,103,105,-2,-4.5,-4.5
1230,Philadelphia,Portland,-1,-3.0,135,-155,95,129,-34,-33,-31.0
1230,Sacramento,LALakers,1.5,-2.0,110,-130,114,121,-7,-8.5,-5.0
1231,Atlanta,Indiana,-11,-13.5,800,-1400,108,116,-8,3,5.5
1231,Orlando,Charlotte,-7.5,-8.0,290,-380,100,125,-25,-17.5,-17.0
1231,Boston,SanAntonio,0,1.5,-115,-105,111,120,-9,-9,-10.5
1231,Memphis,Houston,-5.5,-4.0,160,-190,101,113,-12,-6.5,-8.0
1231,Dallas,OklahomaCity,-7.5,-7.5,270,-340,102,122,-20,-12.5,-12.5
1231,Minnesota,NewOrleans,-4.5,-1.0,100,-120,114,123,-9,-4.5,-8.0
1231,GoldenState,Phoenix,10,10.0,-650,450,132,109,23,13,13.0
101,Utah,Toronto,-3,-1.0,-105,-115,116,122,-6,-3,-5.0
101,Detroit,Milwaukee,-10,-10.0,425,-600,98,121,-23,-13,-13.0
101,NewYork,Denver,-13.5,-13.5,800,-1400,108,115,-7,6.5,6.5
101,Portland,Sacramento,1.5,1.0,-120,100,113,108,5,3.5,4.0
101,Philadelphia,LAClippers,-3,1.5,-125,105,119,113,6,9,4.5
102,Miami,Cleveland,6.5,5.5,-230,185,117,92,25,18.5,19.5
102,Atlanta,Washington,-4,-6.0,210,-260,98,114,-16,-12,-10.0
102,Dallas,Charlotte,-3,-1.0,105,-125,122,84,38,41,39.0
102,NewOrleans,Brooklyn,1,1.5,-125,105,121,126,-5,-6,-6.5
102,Minnesota,Boston,-6,-6.5,230,-280,102,115,-13,-7,-6.5
102,Detroit,Memphis,-5,-6.5,210,-260,101,94,7,12,13.5
102,Orlando,Chicago,-2.5,1.5,-120,100,112,84,28,30.5,26.5
102,Philadelphia,Phoenix,6,3.5,-170,145,132,127,5,-1,1.5
102,OklahomaCity,LALakers,6,5.0,-240,190,107,100,7,1,2.0
103,Toronto,SanAntonio,-1.5,-3.5,140,-160,107,125,-18,-16.5,-14.5
103,Denver,Sacramento,2.5,3.5,-170,145,117,113,4,1.5,0.5
103,Houston,GoldenState,-8,-8.5,320,-420,135,134,1,9,9.5
104,Dallas,Boston,-5.5,-4.0,150,-180,93,114,-21,-15.5,-17.0
104,Utah,Cleveland,10,10.0,-550,400,117,91,26,16,16.0
104,Brooklyn,Memphis,-3,-4.0,150,-180,109,100,9,12,13.0
104,Washington,Miami,-7,-6.5,235,-290,109,115,-6,1,0.5
104,Orlando,Minnesota,-6,-4.0,150,-180,103,120,-17,-11,-13.0
104,Indiana,Chicago,6,7.0,-300,240,119,116,3,-3,-4.0
104,Atlanta,Milwaukee,-13.5,-14.0,900,-1600,112,144,-32,-18.5,-18.0
104,LAClippers,Phoenix,4.5,4.5,-210,175,121,111,10,5.5,5.5
104,NewYork,LALakers,-7,-5.5,200,-250,119,112,7,14,12.5
104,OklahomaCity,Portland,0,0.0,-110,-110,111,109,2,2,2.0
105,Charlotte,Denver,-8,-9.0,375,-500,110,123,-13,-5,-4.0
105,Utah,Detroit,1.5,3.5,-180,150,110,105,5,3.5,1.5
105,Dallas,Philadelphia,-6.5,-6.5,225,-275,100,106,-6,0.5,0.5
105,NewOrleans,Cleveland,8.5,10.0,-550,400,133,98,35,26.5,25.0
105,Toronto,Milwaukee,-5.5,-5.5,190,-240,123,116,7,12.5,12.5
105,Memphis,SanAntonio,-8.5,-8.5,320,-420,88,108,-20,-11.5,-11.5
105,Houston,Portland,1.5,-2.0,115,-135,101,110,-9,-10.5,-7.0
105,GoldenState,Sacramento,8.5,8.0,-380,290,127,123,4,-4.5,-4.0
106,Brooklyn,Chicago,2.5,2.0,-130,110,117,100,17,14.5,15.0
106,Orlando,LAClippers,-7.5,-6.5,240,-300,96,106,-10,-2.5,-3.5
106,LALakers,Minnesota,-7,-8.0,300,-400,86,108,-22,-15,-14.0
106,Miami,Atlanta,5,6.5,-300,240,82,106,-24,-29,-30.5
106,Washington,OklahomaCity,-10.5,-10.0,500,-700,116,98,18,28.5,28.0
106,Indiana,Toronto,-2,0.0,-110,-110,105,121,-16,-14,-16.0
106,Charlotte,Phoenix,2.5,-1.5,100,-120,119,113,6,3.5,7.5
107,SanAntonio,Detroit,3.5,2.5,-150,130,119,107,12,8.5,9.5
107,Brooklyn,Boston,-10.5,-10.5,500,-700,95,116,-21,-10.5,-10.5
107,Memphis,NewOrleans,-5.5,-4.5,170,-200,95,114,-19,-13.5,-14.5
107,Utah,Milwaukee,-5.5,-5.0,185,-230,102,114,-12,-6.5,-7.0
107,Denver,Houston,-1,-1.0,100,-120,113,125,-12,-11,-11.0
107,LALakers,Dallas,-8,-7.5,250,-310,107,97,10,18,17.5
107,Orlando,Sacramento,-5,-4.5,160,-190,95,111,-16,-11,-11.5
107,NewYork,Portland,-12,-11.0,550,-800,101,111,-10,2,1.0
108,Washington,Philadelphia,-8.5,-8.5,300,-400,115,132,-17,-8.5,-8.5
108,Indiana,Cleveland,9.5,10.0,-600,425,123,115,8,-1.5,-2.0
108,Atlanta,Toronto,-15,-13.5,800,-1400,101,104,-3,12,10.5
108,Denver,Miami,1,-2.0,110,-130,103,99,4,3,6.0
108,Minnesota,OklahomaCity,-7.5,-8.0,300,-400,119,117,2,9.5,10.0
108,Sacramento,Phoenix,3,4.0,-180,150,111,115,-4,-7,-8.0
108,NewYork,GoldenState,-16.5,-17.0,1600,-6000,95,122,-27,-10.5,-10.0
108,Charlotte,LAClippers,-5,-6.5,225,-275,109,128,-19,-14,-12.5
109,Philadelphia,Washington,2.5,3.5,-170,145,106,123,-17,-19.5,-20.5
109,Indiana,Boston,-6.5,-7.0,250,-310,108,135,-27,-20.5,-20.0
109,Atlanta,Brooklyn,-8,-8.5,300,-400,100,116,-16,-8,-7.5
109,Milwaukee,Houston,0,2.0,-125,105,116,109,7,7,5.0
109,SanAntonio,Memphis,3.5,3.0,-150,130,86,96,-10,-13.5,-13.0
109,Cleveland,NewOrleans,-13.5,-14.5,950,-1800,124,140,-16,-2.5,-1.5
109,Phoenix,Dallas,-9,-11.0,550,-800,94,104,-10,-1,1.0
109,Orlando,Utah,-9,-9.5,400,-550,93,106,-13,-4,-3.5
109,Chicago,Portland,-10,-10.0,425,-600,112,124,-12,-2,-2.0
109,Detroit,LALakers,-2,-1.5,105,-125,100,113,-13,-11,-11.5
110,Boston,Miami,1.5,3.0,-155,135,99,115,-16,-17.5,-19.0
110,LAClippers,Denver,-5.5,-5.5,185,-230,100,121,-21,-15.5,-15.5
110,OklahomaCity,SanAntonio,-1,1.5,-125,105,147,154,-7,-6,-8.5
110,Detroit,Sacramento,-5,-8.0,280,-360,102,112,-10,-5,-2.0
111,Milwaukee,Washington,7.5,2.0,-135,115,106,113,-7,-14.5,-9.0
111,Atlanta,Philadelphia,-12.5,-10.5,450,-650,123,121,2,14.5,12.5
111,Indiana,NewYork,8,8.0,-400,300,121,106,15,7,7.0
111,Brooklyn,Toronto,-10.5,-10.0,450,-650,105,122,-17,-6.5,-7.0
111,Cleveland,Houston,-14.5,-14.0,900,-1600,113,141,-28,-13.5,-14.0
111,Dallas,Minnesota,-4.5,-4.5,160,-190,119,115,4,8.5,8.5
111,LALakers,Utah,-10,-8.5,300,-400,95,113,-18,-8,-9.5
111,Charlotte,Portland,-6.5,-6.5,220,-270,96,127,-31,-24.5,-24.5
111,Chicago,GoldenState,-15.5,-15.5,1100,-2500,109,146,-37,-21.5,-21.5
112,Detroit,LAClippers,-7.5,-7.5,260,-330,109,104,5,12.5,12.5
112,Memphis,Miami,-4.5,-3.5,145,-170,108,112,-4,0.5,-0.5
112,Boston,Orlando,7,7.5,-350,275,103,105,-2,-9,-9.5
112,SanAntonio,OklahomaCity,-3,-6.0,210,-260,112,122,-10,-7,-4.0
112,NewOrleans,Minnesota,-1.5,1.5,-125,105,106,110,-4,-2.5,-5.5
112,Denver,Phoenix,10,9.0,-500,375,93,102,-9,-19,-18.0
112,Chicago,Utah,-11.5,-12.0,600,-900,102,110,-8,3.5,4.0
112,Charlotte,Sacramento,-4,-6.0,200,-250,97,104,-7,-3,-1.0
113,Philadelphia,NewYork,6,9.0,-500,375,108,105,3,-3,-6.0
113,Toronto,Washington,6.5,5.0,-220,180,140,138,2,-4.5,-3.0
113,Milwaukee,Atlanta,11,9.5,-550,400,133,114,19,8,9.5
113,Houston,Orlando,4.5,5.5,-220,180,109,116,-7,-11.5,-12.5
113,GoldenState,Dallas,5.5,6.0,-260,210,119,114,5,-0.5,-1.0
113,Portland,Denver,-4.5,-4.5,160,-190,113,116,-3,1.5,1.5
113,Cleveland,LALakers,-9.5,-10.5,450,-650,101,95,6,15.5,16.5
114,Boston,Brooklyn,4.5,2.5,-140,120,102,109,-7,-11.5,-9.5
114,Memphis,Houston,-7,-3.5,145,-170,94,112,-18,-11,-14.5
114,Charlotte,SanAntonio,-8,-7.5,280,-360,108,93,15,23,22.5
114,Detroit,Utah,-8,-7.5,280,-360,94,100,-6,2,1.5
114,Portland,Sacramento,-1,-2.0,110,-130,107,115,-8,-7,-6.0
114,NewOrleans,LAClippers,-2,1.0,-120,100,121,117,4,6,3.0
115,Minnesota,Philadelphia,-4.5,-6.5,210,-260,107,149,-42,-37.5,-35.5
115,Phoenix,Indiana,-10,-10.5,450,-650,97,131,-34,-24,-23.5
115,OklahomaCity,Atlanta,8.5,10.0,-550,400,126,142,-16,-24.5,-26.0
115,Miami,Milwaukee,-9,-8.5,350,-450,86,124,-38,-29,-29.5
115,GoldenState,Denver,1.5,2.0,-135,115,142,111,31,29.5,29.0
115,Chicago,LALakers,-6,-7.0,240,-300,100,107,-7,-1,0.0
116,Orlando,Detroit,-3,-3.5,145,-170,115,120,-5,-2,-1.5
116,Milwaukee,Memphis,7,6.0,-275,225,111,101,10,3,4.0
116,Toronto,Boston,-2,-2.5,125,-145,108,117,-9,-7,-6.5
116,Brooklyn,Houston,-5,-5.5,200,-250,145,142,3,8,8.5
116,SanAntonio,Dallas,-1,-1.0,100,-120,105,101,4,5,5.0
116,Cleveland,Portland,-12.5,-14.0,950,-1800,112,129,-17,-4.5,-3.0
116,NewOrleans,GoldenState,-7,-7.0,260,-330,140,147,-7,0,0.0
116,Utah,LAClippers,-1,-1.0,100,-120,129,109,20,21,21.0
117,NewYork,Washington,-7,-7.5,260,-330,100,101,-1,6,6.5
117,Philadelphia,Indiana,-2.5,-3.0,130,-150,120,96,24,26.5,27.0
117,Sacramento,Charlotte,-1.5,-2.5,125,-145,95,114,-19,-17.5,-16.5
117,Phoenix,Toronto,-10.5,-9.0,350,-450,109,111,-2,8.5,7.0
117,Chicago,Denver,-12,-14.0,900,-1600,105,135,-30,-18,-16.0
117,LALakers,OklahomaCity,-10,-10.0,425,-600,138,128,10,20,20.0
118,Brooklyn,Orlando,1,-2.5,125,-145,117,115,2,1,4.5
118,Memphis,Boston,-10.5,-10.0,450,-650,116,122,-6,4.5,4.0
118,Miami,Detroit,-2,-2.5,125,-145,93,98,-5,-3,-2.5
118,SanAntonio,Minnesota,-1,-1.5,110,-130,116,113,3,4,4.5
118,Cleveland,Utah,-15,-15.5,1200,-3000,99,115,-16,-1,-0.5
118,NewOrleans,Portland,-2,-3.0,130,-150,112,128,-16,-14,-13.0
118,GoldenState,LAClippers,5.5,7.5,-300,240,112,94,18,12.5,10.5
119,OklahomaCity,Philadelphia,-2,-3.5,145,-170,117,115,2,4,5.5
119,Phoenix,Charlotte,-6,-7.0,250,-310,115,135,-20,-14,-13.0
119,Sacramento,Detroit,1,1.5,-125,105,103,101,2,1,0.5
119,Dallas,Indiana,-6.5,-7.5,275,-350,99,111,-12,-5.5,-4.5
119,Milwaukee,Orlando,9.5,10.5,-700,500,118,108,10,0.5,-0.5
119,Boston,Atlanta,8.5,7.0,-330,260,113,105,8,-0.5,1.0
119,Memphis,Toronto,-12.5,-10.5,500,-700,90,119,-29,-16.5,-18.5
119,Miami,Chicago,2.5,3.5,-180,150,117,103,14,11.5,10.5
119,LALakers,Houston,-8,-7.5,260,-330,134,138,-4,4,3.5
119,Cleveland,Denver,-16.5,-18.5,1500,-5000,102,124,-22,-5.5,-3.5
120,Charlotte,Indiana,-7,-8.0,280,-360,95,120,-25,-18,-17.0
120,Phoenix,Minnesota,-10,-12.0,750,-1200,114,116,-2,8,10.0
120,LAClippers,SanAntonio,-8,-9.5,400,-550,103,95,8,16,17.5
121,OklahomaCity,NewYork,9.5,9.0,-500,375,127,109,18,8.5,9.0
121,Chicago,Cleveland,2,2.5,-150,130,104,88,16,14,13.5
121,Detroit,Washington,-4,-5.5,190,-240,87,101,-14,-10,-8.5
121,Dallas,Milwaukee,-11,-11.5,600,-900,106,116,-10,1,1.5
121,Orlando,Atlanta,0,-1.0,-105,-115,122,103,19,19,20.0
121,Sacramento,Brooklyn,-2.5,-3.5,140,-160,94,123,-29,-26.5,-25.5
121,NewOrleans,Memphis,-3.5,-3.0,125,-145,105,85,20,23.5,23.0
121,Miami,Boston,-8,-8.5,350,-450,99,107,-8,0,0.5
121,Houston,Philadelphia,-4,-4.5,170,-200,93,121,-28,-24,-23.5
121,Portland,Utah,-5,-5.0,175,-210,109,104,5,10,10.0
121,GoldenState,LALakers,10.5,13.5,-1500,850,130,111,19,8.5,5.5
122,Sacramento,Toronto,-11,-11.0,500,-700,105,120,-15,-4,-4.0
122,Portland,OklahomaCity,-5.5,-3.5,145,-170,114,123,-9,-3.5,-5.5
122,LAClippers,Dallas,-2,-3.0,130,-150,98,106,-8,-6,-5.0
122,Minnesota,Phoenix,6,4.0,-190,160,118,91,27,21,23.0
123,Toronto,Indiana,-4.5,-6.5,230,-280,106,110,-4,0.5,2.5
123,Cleveland,Boston,-17.5,-15.0,1100,-2500,103,123,-20,-2.5,-5.0
123,Orlando,Brooklyn,-6.5,-5.0,180,-220,110,114,-4,2.5,1.0
123,Houston,NewYork,7.5,8.0,-400,300,114,110,4,-3.5,-4.0
123,LAClippers,Miami,-5.5,-6.0,200,-250,111,99,12,17.5,18.0
123,SanAntonio,Philadelphia,-2,-3.0,140,-160,120,122,-2,0,1.0
123,Detroit,NewOrleans,-4,-4.5,170,-200,98,94,4,8,8.5
123,Atlanta,Chicago,-2,-1.5,105,-125,121,101,20,22,21.5
123,Charlotte,Memphis,-1,-2.0,115,-135,118,107,11,12,13.0
123,Denver,Utah,-3,-4.0,150,-180,108,114,-6,-3,-2.0
124,GoldenState,Washington,9,9.5,-500,375,126,118,8,-1,-1.5
124,NewOrleans,OklahomaCity,-11,-14.0,850,-1500,116,122,-6,5,8.0
124,Portland,Phoenix,7.5,8.5,-400,300,120,106,14,6.5,5.5
124,Minnesota,LALakers,1.5,-2.5,115,-135,120,105,15,13.5,17.5
125,Washington,Orlando,-4,-3.0,140,-160,95,91,4,8,7.0
125,Miami,Cleveland,8.5,8.5,-400,317,100,94,6,-2.5,-2.5
125,NewYork,Brooklyn,-9.5,-8.5,330,-420,99,109,-10,-0.5,-1.5
125,Toronto,Houston,1,3.5,-165,144,119,121,-2,-3,-5.5
125,Sacramento,Memphis,0,-2.0,115,-135,99,96,3,3,5.0
125,LAClippers,Chicago,5,4.5,-210,176,106,101,5,0,0.5
125,Detroit,Dallas,-5,-4.5,176,-210,101,106,-5,0,-0.5
125,Charlotte,Milwaukee,-11,-11.0,614,-900,99,108,-9,2,2.0
125,Phoenix,Denver,-15,-14.5,1098,-2200,95,132,-37,-22,-22.5
125,Minnesota,Utah,-8.5,-10.5,459,-620,102,106,-4,4.5,6.5
126,SanAntonio,NewOrleans,1.5,4.5,-200,170,126,114,12,10.5,7.5
126,Indiana,Memphis,2.5,5.0,-210,175,103,106,-3,-5.5,-8.0
126,GoldenState,Boston,1.5,3.5,-170,145,115,111,4,2.5,0.5
126,Philadelphia,Denver,-6,-10.5,450,-650,110,126,-16,-10,-5.5
126,Atlanta,Portland,-10.5,-8.5,325,-425,111,120,-9,1.5,-0.5
127,Cleveland,Chicago,-5.5,-5.0,180,-220,104,101,3,8.5,8.0
127,Sacramento,LAClippers,-4.5,-3.5,140,-160,108,122,-14,-9.5,-10.5
127,Milwaukee,OklahomaCity,0,0.0,-110,-110,112,118,-6,-6,-6.0
127,Toronto,Dallas,4.5,4.0,-180,150,123,120,3,-1.5,-1.0
127,Orlando,Houston,-8.5,-8.5,350,-450,98,103,-5,3.5,3.5
127,Washington,SanAntonio,-3,-4.0,160,-190,119,132,-13,-10,-9.0
127,Utah,Minnesota,3.5,5.5,-240,190,125,111,14,10.5,8.5
127,Miami,NewYork,5.5,5.0,-210,175,106,97,9,3.5,4.0
127,Phoenix,LALakers,-5,-8.0,260,-330,102,116,-14,-9,-6.0
128,GoldenState,Indiana,8,7.0,-350,275,132,100,32,24,25.0
128,NewYork,Charlotte,-10.5,-11.5,650,-1000,92,101,-9,1.5,2.5
128,Brooklyn,Boston,-10,-9.0,350,-450,104,112,-8,2,1.0
128,Denver,Memphis,5,5.5,-240,190,95,92,3,-2,-2.5
128,Atlanta,LAClippers,-6.5,-6.0,210,-260,123,118,5,11.5,11.0
129,Washington,Cleveland,6.5,8.0,-350,275,113,116,-3,-9.5,-11.0
129,Milwaukee,Detroit,7,7.0,-300,240,115,105,10,3,3.0
129,OklahomaCity,Orlando,6,3.0,-155,135,126,117,9,3,6.0
129,Chicago,Brooklyn,-8,-7.0,240,-300,117,122,-5,3,2.0
129,NewOrleans,Houston,-9,-13.5,900,-1600,121,116,5,14,18.5
129,Phoenix,SanAntonio,-13.5,-13.5,900,-1600,124,126,-2,11.5,11.5
129,Philadelphia,LALakers,6,7.5,-340,270,121,105,16,10,8.5
130,Chicago,Miami,-10.5,-10.5,525,-750,105,89,16,26.5,26.5
130,Dallas,NewYork,6,7.0,-300,240,114,90,24,18,17.0
130,Charlotte,Boston,-6.5,-7.5,260,-330,94,126,-32,-25.5,-24.5
130,Memphis,Minnesota,-5,-3.0,135,-155,97,99,-2,3,1.0
130,Denver,NewOrleans,8.5,9.0,-500,375,105,99,6,-2.5,-3.0
130,Indiana,Washington,-1,1.0,-115,-105,89,107,-18,-17,-19.0
130,Atlanta,Sacramento,-6.5,-5.0,180,-220,113,135,-22,-15.5,-17.0
130,Utah,Portland,-1,2.0,-145,125,105,132,-27,-26,-29.0
131,Indiana,Orlando,-1,-3.5,145,-170,100,107,-7,-6,-3.5
131,Dallas,Detroit,-1.5,-7.5,270,-340,89,93,-4,-2.5,3.5
131,Milwaukee,Toronto,-2.5,-2.5,120,-140,105,92,13,15.5,15.5
131,Brooklyn,SanAntonio,-7.5,-8.0,290,-380,114,117,-3,4.5,5.0
131,Philadelphia,GoldenState,-8.5,-8.0,300,-400,113,104,9,17.5,17.0
131,LALakers,LAClippers,-6,2.5,-130,110,123,120,3,9,0.5
201,Memphis,Charlotte,-4,-8.0,290,-380,92,100,-8,-4,0.0
201,Boston,NewYork,13,14.0,-1600,900,113,99,14,1,0.0
201,OklahomaCity,Miami,4,3.5,-170,145,118,102,16,12,12.5
201,Atlanta,Utah,-12,-12.0,650,-1000,112,128,-16,-4,-4.0
201,Houston,Denver,-4,-3.5,145,-170,122,136,-14,-10,-10.5
202,LAClippers,Detroit,-1,-2.0,120,-140,111,101,10,11,12.0
202,Brooklyn,Orlando,-1,-3.0,135,-155,89,102,-13,-12,-10.0
202,Chicago,Charlotte,-6.5,-6.5,250,-310,118,125,-7,-0.5,-0.5
202,Milwaukee,Washington,6.5,6.0,-265,215,131,115,16,9.5,10.0
202,Indiana,Miami,-2.5,-1.5,105,-125,95,88,7,9.5,8.5
202,Dallas,Cleveland,9,5.5,-240,190,111,98,13,4,7.5
202,NewOrleans,SanAntonio,-10,-10.5,500,-700,108,113,-5,5,5.5
202,LALakers,GoldenState,-9.5,-15.0,1100,-2500,101,115,-14,-4.5,1.0
202,Denver,Minnesota,1,-1.5,105,-125,107,106,1,0,2.5
202,Houston,Utah,-6.5,-7.0,240,-300,125,98,27,33.5,34.0
202,Atlanta,Phoenix,-2,-2.0,115,-135,118,112,6,8,8.0
202,Philadelphia,Sacramento,3.5,3.0,-160,140,108,115,-7,-10.5,-10.0
203,Memphis,NewYork,1.5,2.5,-140,120,96,84,12,10.5,9.5
203,OklahomaCity,Boston,-3.5,-4.0,150,-180,129,134,-5,-1.5,-1.0
203,LAClippers,Toronto,-11,-9.5,400,-550,103,121,-18,-7,-8.5
204,Denver,Detroit,4.5,1.5,-125,105,103,129,-26,-30.5,-27.5
204,Atlanta,Washington,-5.5,-7.0,250,-310,137,129,8,13.5,15.0
204,Milwaukee,Brooklyn,7,7.5,-330,260,113,94,19,12,11.5
204,Indiana,NewOrleans,1,3.5,-165,142,109,107,2,1,-1.5
204,Houston,Phoenix,8.5,8.5,-400,300,118,110,8,-0.5,-0.5
204,SanAntonio,Sacramento,2,2.0,-135,115,112,127,-15,-17,-17.0
205,LALakers,Indiana,3.5,2.5,-145,125,94,136,-42,-45.5,-44.5
205,Boston,Cleveland,13,10.0,-800,550,103,96,7,-6,-3.0
205,LAClippers,Charlotte,-3,-3.0,140,-160,117,115,2,5,5.0
205,Detroit,NewYork,3.5,3.5,-170,145,105,92,13,9.5,9.5
205,Orlando,OklahomaCity,-10.5,-9.0,375,-500,122,132,-10,0.5,-1.0
205,Toronto,Philadelphia,-4,-2.0,105,-125,119,107,12,16,14.0
205,Minnesota,Memphis,1.5,4.0,-180,150,106,108,-2,-3.5,-6.0
205,Miami,Portland,-7.5,-7.5,260,-330,118,108,10,17.5,17.5
206,Denver,Brooklyn,2,3.5,-165,142,130,135,-5,-7,-8.5
206,NewOrleans,Chicago,0,1.5,-125,105,125,120,5,5,3.5
206,Washington,Milwaukee,-12,-12.0,600,-900,129,148,-19,-7,-7.0
206,Charlotte,Dallas,-4.5,-5.5,190,-240,93,99,-6,-1.5,-0.5
206,Phoenix,Utah,-15,-15.0,1100,-2500,88,116,-28,-13,-13.0
206,Houston,Sacramento,2,4.0,-190,160,127,101,26,24,22.0
206,SanAntonio,GoldenState,-11,-15.0,1100,-2500,102,141,-39,-28,-24.0
207,Minnesota,Orlando,-1,-3.5,145,-170,112,122,-10,-9,-6.5
207,LAClippers,Indiana,-4,-6.5,215,-265,92,116,-24,-20,-17.5
207,Toronto,Atlanta,10,6.5,-270,220,119,101,18,8,11.5
207,Memphis,OklahomaCity,-13.5,-13.5,850,-1500,95,117,-22,-8.5,-8.5
207,LALakers,Boston,-7.5,-9.0,350,-450,129,128,1,8.5,10.0
207,SanAntonio,Portland,-4,-6.0,200,-250,118,127,-9,-5,-3.0
208,Denver,Philadelphia,-4.5,-6.5,240,-300,110,117,-7,-2.5,-0.5
208,Cleveland,Washington,-10.5,-10.0,400,-550,106,119,-13,-2.5,-3.0
208,NewYork,Detroit,-8.5,-8.0,290,-380,103,120,-17,-8.5,-9.0
208,Chicago,Brooklyn,-7.5,-8.0,300,-400,125,106,19,26.5,27.0
208,Milwaukee,Dallas,7,6.0,-250,200,122,107,15,8,9.0
208,GoldenState,Phoenix,16,17.0,-2500,1100,117,107,10,-6,-7.0
208,Minnesota,NewOrleans,-6,-6.0,190,-240,117,122,-5,1,1.0
208,Miami,Sacramento,-3,-3.5,140,-160,96,102,-6,-3,-2.5
209,SanAntonio,Utah,-5,-8.0,275,-350,105,125,-20,-15,-12.0
209,Cleveland,Indiana,-13.5,-14.0,950,-1800,90,105,-15,-1.5,-1.0
209,Toronto,NewYork,12.5,13.5,-2000,1000,104,99,5,-7.5,-8.5
209,Charlotte,Atlanta,2.5,2.0,-135,115,129,120,9,6.5,7.0
209,NewOrleans,Memphis,-2.5,1.0,-115,-105,90,99,-9,-6.5,-10.0
209,Washington,Chicago,3,2.0,-135,115,134,125,9,6,7.0
209,LAClippers,Boston,-12,-11.5,700,-1100,123,112,11,23,22.5
209,OklahomaCity,Houston,-1.5,-2.5,125,-145,117,112,5,6.5,7.5
209,Orlando,Milwaukee,-11.5,-6.5,220,-270,103,83,20,31.5,26.5
210,Portland,Dallas,4.5,3.0,-155,135,101,102,-1,-5.5,-4.0
210,LALakers,Philadelphia,-6,-7.5,260,-330,120,143,-23,-17,-15.5
210,Phoenix,Sacramento,-9.5,-9.0,350,-450,104,117,-13,-3.5,-4.0
210,Orlando,Atlanta,1.5,1.0,-120,100,124,108,16,14.5,15.0
210,Miami,GoldenState,-14.5,-13.5,900,-1600,118,120,-2,12.5,11.5
211,Washington,Detroit,-3,-6.0,200,-250,112,121,-9,-6,-3.0
211,NewYork,Cleveland,0,-1.5,100,-120,104,107,-3,-3,-1.5
211,Charlotte,Indiana,-4,-5.5,190,-240,90,99,-9,-5,-3.5
211,Brooklyn,Toronto,-11,-10.0,450,-650,125,127,-2,9,8.0
211,Portland,OklahomaCity,-7,-5.0,170,-200,111,120,-9,-2,-4.0
211,Dallas,Houston,-10,-11.0,550,-800,104,120,-16,-6,-5.0
211,Milwaukee,Chicago,11,11.5,-800,550,112,99,13,2,1.5
211,LAClippers,Minnesota,-3.5,-3.5,145,-170,120,130,-10,-6.5,-6.5
211,Miami,Denver,-8.5,-10.0,425,-600,87,103,-16,-7.5,-6.0
212,LALakers,Atlanta,5.5,6.0,-250,200,113,117,-4,-9.5,-10.0
212,Orlando,NewOrleans,-4.5,-4.5,160,-190,118,88,30,34.5,34.5
212,Boston,Philadelphia,-5,-7.0,240,-300,112,109,3,8,10.0
212,SanAntonio,Memphis,4.5,7.0,-320,255,108,107,1,-3.5,-6.0
212,Utah,GoldenState,-9.5,-9.0,350,-450,108,115,-7,2.5,2.0
213,Brooklyn,Cleveland,6.5,7.5,-350,275,148,139,9,2.5,1.5
213,Milwaukee,Indiana,5.5,4.5,-190,160,106,97,9,3.5,4.5
213,Detroit,Boston,-5,-3.5,145,-170,110,118,-8,-3,-4.5
213,Washington,Toronto,-11,-9.5,400,-550,120,129,-9,2,0.5
213,Philadelphia,NewYork,10,10.0,-650,450,126,111,15,5,5.0
213,Memphis,Chicago,-1,-1.5,100,-120,110,122,-12,-11,-10.5
213,Miami,Dallas,-2,-3.0,135,-155,112,101,11,13,14.0
213,Sacramento,Denver,-7,-7.5,275,-350,118,120,-2,5,5.5
213,Houston,Minnesota,3,4.0,-180,150,111,121,-10,-13,-14.0
213,GoldenState,Portland,2.5,2.0,-130,110,107,129,-22,-24.5,-24.0
213,Phoenix,LAClippers,-8.5,-8.0,300,-400,107,134,-27,-18.5,-19.0
214,Charlotte,Orlando,-3,-4.0,155,-180,89,127,-38,-35,-34.0
214,NewYork,Atlanta,-6,-7.5,267,-330,106,91,15,21,22.5
214,OklahomaCity,NewOrleans,4,4.5,-200,170,122,131,-9,-13,-13.5
221,Miami,Philadelphia,-7.5,-5.5,190,-240,102,106,-4,3.5,1.5
221,Phoenix,Cleveland,-1,-1.0,100,-120,98,111,-13,-12,-12.0
221,Portland,Brooklyn,2,3.0,-160,140,113,99,14,12,11.0
221,Boston,Milwaukee,-5,-6.0,210,-260,97,98,-1,4,5.0
221,Houston,LALakers,2,3.0,-150,130,106,111,-5,-7,-8.0
221,Sacramento,GoldenState,-11.5,-12.0,700,-1100,123,125,-2,9.5,10.0
222,Washington,Charlotte,-4,-5.0,180,-220,110,123,-13,-9,-8.0
222,NewOrleans,Indiana,-4.5,-5.0,180,-220,111,126,-15,-10.5,-10.0
222,Chicago,Orlando,-8,-8.0,290,-380,110,109,1,9,9.0
222,SanAntonio,Toronto,-8.5,-8.0,300,-400,117,120,-3,5.5,5.0
222,Minnesota,NewYork,7,3.5,-170,145,115,104,11,4,7.5
222,Detroit,Atlanta,4,4.5,-190,160,125,122,3,-1,-1.5
222,LAClippers,Memphis,2,3.0,-155,135,112,106,6,4,3.0
222,Denver,Dallas,3,7.0,-330,260,114,104,10,7,3.0
222,Utah,OklahomaCity,-3.5,-4.5,170,-200,147,148,-1,2.5,3.5
223,Portland,Philadelphia,-3,-2.0,110,-130,130,115,15,18,17.0
223,Memphis,Cleveland,2,-1.5,110,-130,107,112,-5,-7,-3.5
223,Indiana,Washington,0,0.0,-110,-110,119,112,7,7,7.0
223,Brooklyn,Charlotte,-1.5,-3.0,135,-155,117,115,2,3.5,5.0
223,LALakers,NewOrleans,4,6.5,-270,220,115,128,-13,-17,-19.5
223,Phoenix,Atlanta,-3.5,-3.0,130,-150,112,120,-8,-4.5,-5.0
223,Detroit,Miami,-4,-3.5,140,-160,119,96,23,27,26.5
223,Boston,Chicago,11.5,10.0,-650,450,116,126,-10,-21.5,-20.0
223,Sacramento,OklahomaCity,-7.5,-5.5,200,-250,119,116,3,10.5,8.5
223,Houston,GoldenState,-8.5,-12.0,575,-850,118,112,6,14.5,18.0
223,Minnesota,Milwaukee,-14,-13.0,750,-1200,128,140,-12,2,1.0
223,Dallas,Utah,-12.5,-11.5,575,-850,109,125,-16,-3.5,-4.5
224,Orlando,Toronto,-10,-7.0,250,-310,113,98,15,25,22.0
224,LAClippers,Denver,-7.5,-9.0,375,-500,96,123,-27,-19.5,-18.0
224,SanAntonio,NewYork,8,9.0,-500,375,118,130,-12,-20,-21.0
225,Portland,Cleveland,9.5,9.0,-500,375,123,110,13,3.5,4.0
225,Indiana,Detroit,-2,-2.5,115,-135,109,113,-4,-2,-1.5
225,GoldenState,Charlotte,7.5,8.5,-425,325,121,110,11,3.5,2.5
225,Phoenix,Miami,-9.5,-8.0,290,-380,124,121,3,12.5,11.0
225,SanAntonio,Brooklyn,-1,-1.5,100,-120,85,101,-16,-15,-14.5
225,Milwaukee,Chicago,11.5,8.0,-380,290,117,106,11,-0.5,3.0
225,Atlanta,Houston,-10,-12.5,700,-1100,111,119,-8,2,4.5
225,Philadelphia,NewOrleans,0,2.5,-140,120,111,110,1,1,-1.5
225,Sacramento,Minnesota,-2,-3.5,145,-170,105,112,-7,-5,-3.5
225,LALakers,Memphis,5,5.0,-220,180,105,110,-5,-10,-10.0
225,Dallas,LAClippers,-4,-3.5,145,-170,112,121,-9,-5,-5.5
226,Orlando,NewYork,6.5,7.5,-330,260,103,108,-5,-11.5,-12.5
226,Boston,Toronto,-4,-3.5,142,-165,95,118,-23,-19,-19.5
226,OklahomaCity,Denver,-3,-3.5,142,-165,112,121,-9,-6,-5.5
227,Houston,Charlotte,4,5.0,-220,180,118,113,5,1,0.0
227,Minnesota,Atlanta,4.5,5.0,-210,175,123,131,-8,-12.5,-13.0
227,Portland,Boston,-3.5,-2.5,120,-140,97,92,5,8.5,7.5
227,Washington,Brooklyn,-4.5,-5.0,180,-220,125,116,9,13.5,14.0
227,GoldenState,Miami,9,9.5,-425,325,125,126,-1,-10,-10.5
227,Chicago,Memphis,-2,-3.0,135,-155,109,107,2,4,5.0
227,Detroit,SanAntonio,-4,-4.0,155,-185,93,105,-12,-8,-8.0
227,Indiana,Dallas,0,1.0,-115,-105,101,110,-9,-9,-10.0
227,LAClippers,Utah,-9,-10.0,375,-500,105,111,-6,3,4.0
227,Milwaukee,Sacramento,5,6.5,-280,230,141,140,1,-4,-5.5
227,NewOrleans,LALakers,-4,-6.0,230,-280,119,125,-6,-2,0.0
228,Minnesota,Indiana,-2.5,-3.5,140,-160,115,122,-7,-4.5,-3.5
228,GoldenState,Orlando,6.5,4.5,-200,170,96,103,-7,-13.5,-11.5
228,Cleveland,NewYork,-2.5,-1.5,105,-125,125,118,7,9.5,8.5
228,Miami,Houston,-8.5,-9.5,375,-500,118,121,-3,5.5,6.5
228,Utah,Denver,-5,-7.5,255,-320,111,104,7,12,14.5
228,Philadelphia,OklahomaCity,-5.5,-4.0,155,-185,108,104,4,9.5,8.0
301,Portland,Toronto,-5.5,-5.0,180,-220,117,119,-2,3.5,3.0
301,Chicago,Atlanta,-3.5,1.0,-115,-105,168,161,7,10.5,6.0
301,Charlotte,Brooklyn,-3,-2.5,125,-145,123,112,11,14,13.5
301,Washington,Boston,-9.5,-10.0,425,-600,96,107,-11,-1.5,-1.0
301,NewOrleans,Phoenix,5,4.5,-200,170,130,116,14,9,9.5
301,LAClippers,Sacramento,-2.5,-3.0,135,-155,116,109,7,9.5,10.0
301,Milwaukee,LALakers,4.5,5.5,-230,185,131,120,11,6.5,5.5
302,Detroit,Cleveland,6.5,8.5,-425,325,129,93,36,29.5,27.5
302,Orlando,Indiana,-4.5,-3.0,135,-155,117,112,5,9.5,8.0
302,Brooklyn,Miami,-4,-2.0,110,-130,88,117,-29,-25,-27.0
302,Memphis,Dallas,-5.5,-4.5,170,-200,111,81,30,35.5,34.5
302,GoldenState,Philadelphia,4,5.0,-210,175,120,117,3,-1,-2.0
302,OklahomaCity,SanAntonio,-3,-5.0,170,-200,102,116,-14,-11,-9.0
302,LALakers,Phoenix,6.5,7.0,-310,250,109,118,-9,-15.5,-16.0
302,Milwaukee,Utah,-2.5,-5.0,170,-200,111,115,-4,-1.5,1.0
302,NewOrleans,Denver,-14,-13.5,800,-1400,120,112,8,22,21.5
303,Portland,Charlotte,3.5,2.5,-135,115,118,108,10,6.5,7.5
303,Houston,Boston,-3,-2.0,110,-130,115,104,11,14,13.0
303,Atlanta,Chicago,-3.5,-4.0,150,-180,123,118,5,8.5,9.0
303,NewYork,LAClippers,-10.5,-10.0,450,-650,107,128,-21,-10.5,-11.0
303,Orlando,Cleveland,6,6.0,-260,210,93,107,-14,-20,-20.0
303,Toronto,Detroit,5.5,2.5,-135,115,107,112,-5,-10.5,-7.5
303,Minnesota,Washington,0,0.0,-110,-110,121,135,-14,-14,-14.0
303,Memphis,OklahomaCity,-9,-9.5,425,-600,95,99,-4,5,5.5
304,Dallas,Brooklyn,-4,-5.5,190,-240,88,127,-39,-35,-33.5
304,Atlanta,Miami,-7.5,-9.5,375,-500,113,114,-1,6.5,8.5
304,Denver,SanAntonio,1,-1.5,105,-125,103,104,-1,-2,0.5
304,Milwaukee,Phoenix,13.5,13.5,-1400,800,105,114,-9,-22.5,-22.5
304,NewOrleans,Utah,-9,-9.5,400,-550,115,112,3,12,12.5
304,NewYork,Sacramento,-12.5,-11.0,550,-800,108,115,-7,5.5,4.0
304,LAClippers,LALakers,-4.5,-3.5,145,-170,113,105,8,12.5,11.5
305,Orlando,Philadelphia,-4.5,-4.0,160,-190,106,114,-8,-3.5,-4.0
305,Chicago,Indiana,-8.5,-6.5,240,-300,96,105,-9,-0.5,-2.5
305,Houston,Toronto,-4.5,-3.5,140,-160,107,95,12,16.5,15.5
305,Portland,Memphis,6,5.5,-240,190,111,120,-9,-15,-14.5
305,OklahomaCity,Minnesota,-2.5,2.0,-130,110,120,131,-11,-8.5,-13.0
305,Boston,GoldenState,-7.5,-7.0,240,-300,128,95,33,40.5,40.0
306,Miami,Charlotte,-1.5,-3.5,145,-170,91,84,7,8.5,10.5
306,Dallas,Washington,-4.5,-5.5,190,-240,123,132,-9,-4.5,-3.5
306,Minnesota,Detroit,-4,-4.5,170,-200,114,131,-17,-13,-12.5
306,SanAntonio,Atlanta,6.5,5.5,-260,210,111,104,7,0.5,1.5
306,Cleveland,Brooklyn,-9.5,-9.5,400,-550,107,113,-6,3.5,3.5
306,Utah,NewOrleans,3,4.5,-210,175,114,104,10,7,5.5
306,Philadelphia,Chicago,6,4.0,-180,150,107,108,-1,-7,-5.0
306,NewYork,Phoenix,-3.5,-3.5,150,-180,96,107,-11,-7.5,-7.5
306,Boston,Sacramento,1.5,2.0,-130,110,111,109,2,0.5,0.0
306,Denver,LALakers,5,5.0,-220,180,115,99,16,11,11.0
307,Indiana,Milwaukee,-10,-10.0,450,-650,98,117,-19,-9,-9.0
307,OklahomaCity,Portland,-3.5,-3.5,145,-170,129,121,8,11.5,11.5
308,Washington,Charlotte,-3,-4.0,150,-180,111,112,-1,2,3.0
308,Dallas,Orlando,-5.5,-7.0,240,-300,106,111,-5,0.5,2.0
308,Utah,Memphis,6.5,4.5,-200,170,104,114,-10,-16.5,-14.5
308,Cleveland,Miami,-8.5,-9.0,340,-440,110,126,-16,-7.5,-7.0
308,Toronto,NewOrleans,4,9.5,-450,350,127,104,23,19,13.5
308,Philadelphia,Houston,-6.5,-7.5,300,-400,91,107,-16,-9.5,-8.5
308,Detroit,Chicago,3,3.5,-170,145,112,104,8,5,4.5
308,Denver,GoldenState,-5.5,-7.0,230,-280,105,122,-17,-11.5,-10.0
308,OklahomaCity,LAClippers,-1,-2.0,110,-130,110,118,-8,-7,-6.0
309,Sacramento,NewYork,4.5,5.5,-250,200,102,94,8,3.5,2.5
309,Brooklyn,Atlanta,2.5,4.5,-200,170,114,112,2,-0.5,-2.5
309,Washington,Minnesota,-6.5,-7.0,240,-300,130,135,-5,1.5,2.0
309,Boston,LALakers,5.5,7.0,-320,255,120,107,13,7.5,6.0
309,Charlotte,Milwaukee,-13.5,-12.0,650,-1000,114,131,-17,-3.5,-5.0
309,Phoenix,Portland,-12.5,-12.5,650,-1000,120,127,-7,5.5,5.5
310,Chicago,Detroit,-8,-9.0,350,-450,108,131,-23,-15,-14.0
310,Toronto,Miami,1,-1.5,105,-125,125,104,21,20,22.5
310,Indiana,Philadelphia,-4,-6.5,225,-275,89,106,-17,-13,-10.5
310,NewOrleans,Atlanta,-1,-1.0,100,-120,116,128,-12,-11,-11.0
310,Orlando,Memphis,2,0.0,-110,-110,97,105,-8,-10,-8.0
310,Houston,Dallas,8,8.5,-450,350,94,93,1,-7,-7.5
310,Milwaukee,SanAntonio,2,2.0,-140,120,114,121,-7,-9,-9.0
310,NewYork,Minnesota,-11.5,-6.5,225,-275,92,103,-11,0.5,-4.5
310,Phoenix,GoldenState,-17,-17.0,1500,-5000,115,111,4,21,21.0
311,Toronto,Cleveland,10.5,8.5,-450,350,101,126,-25,-35.5,-33.5
311,Sacramento,Washington,-1,-2.0,110,-130,115,121,-6,-5,-4.0
311,Detroit,Brooklyn,-2.5,-2.0,110,-130,75,103,-28,-25.5,-26.0
311,Charlotte,Houston,-9,-10.0,425,-600,106,118,-12,-3,-2.0
311,OklahomaCity,Utah,-4,-4.0,145,-170,98,89,9,13,13.0
311,Boston,LAClippers,1.5,2.0,-130,110,115,140,-25,-26.5,-27.0
312,NewYork,Indiana,-11.5,-11.0,600,-900,98,103,-5,6.5,6.0
312,Cleveland,Philadelphia,-13.5,-15.0,1100,-2500,99,106,-7,6.5,8.0
312,Milwaukee,NewOrleans,9,10.5,-650,450,130,113,17,8,6.5
312,LALakers,Chicago,-1,2.0,-130,110,123,107,16,17,14.0
312,SanAntonio,Dallas,5,3.5,-160,140,112,105,7,2,3.5
312,Minnesota,Denver,-10,-9.5,400,-550,107,133,-26,-16,-16.5
312,Portland,LAClippers,1.5,4.0,-180,150,125,104,21,19.5,17.0
313,Detroit,Miami,-1.5,-2.0,110,-130,74,108,-34,-32.5,-32.0
313,Orlando,Washington,-3,-2.0,110,-130,90,100,-10,-7,-8.0
313,Memphis,Atlanta,0,1.0,-115,-105,111,132,-21,-21,-22.0
313,Brooklyn,OklahomaCity,-7,-7.0,230,-280,96,108,-12,-5,-5.0
313,GoldenState,Houston,-3,-4.0,150,-180,106,104,2,5,6.0
313,Utah,Phoenix,7,8.5,-400,300,114,97,17,10,8.5
314,Cleveland,Orlando,-7,-8.5,300,-400,91,120,-29,-22,-20.5
314,OklahomaCity,Indiana,-1,0.0,-110,-110,106,108,-2,-1,-2.0
314,Sacramento,Boston,-8.5,-8.0,290,-380,120,126,-6,2.5,2.0
314,LALakers,Toronto,-9.5,-7.0,250,-310,98,111,-13,-3.5,-6.0
314,Minnesota,Utah,-7,-9.0,320,-420,100,120,-20,-13,-11.0
314,Dallas,Denver,-10,-11.5,575,-850,99,100,-1,9,10.5
315,LALakers,Detroit,-10,-12.5,750,-1200,97,111,-14,-4,-1.5
315,Sacramento,Philadelphia,-9,-11.0,500,-700,114,123,-9,0,2.0
315,Charlotte,Washington,-4,-3.0,135,-155,116,110,6,10,9.0
315,Phoenix,Houston,-14,-12.5,700,-1100,102,108,-6,8,6.5
315,Portland,NewOrleans,7,9.0,-440,340,122,110,12,5,3.0
315,Milwaukee,Miami,6,5.0,-240,190,113,98,15,9,10.0
315,NewYork,SanAntonio,-13,-13.5,800,-1400,83,109,-26,-13,-12.5
315,Chicago,LAClippers,-8.5,-9.0,325,-425,121,128,-7,1.5,2.0
316,Atlanta,Boston,-10.5,-10.5,500,-700,120,129,-9,1.5,1.5
316,Memphis,Washington,-3.5,-1.5,105,-125,128,135,-7,-3.5,-5.5
316,Phoenix,NewOrleans,-1,-4.5,160,-190,138,136,2,3,6.5
316,GoldenState,OklahomaCity,-1,-2.0,105,-125,110,88,22,23,24.0
316,Portland,SanAntonio,-1.5,-2.5,125,-145,103,108,-5,-3.5,-2.5
316,Cleveland,Dallas,-6.5,-5.0,180,-220,116,121,-5,1.5,0.0
316,Indiana,Denver,-7.5,-7.0,250,-310,100,102,-2,5.5,5.0
316,Brooklyn,Utah,-8.5,-9.0,340,-440,98,114,-16,-7.5,-7.0
317,LALakers,NewYork,4,5.0,-210,175,123,124,-1,-5,-6.0
317,Charlotte,Miami,-4,-3.0,135,-155,75,93,-18,-14,-15.0
317,Philadelphia,Milwaukee,-6.5,-5.5,210,-260,130,125,5,11.5,10.5
317,Toronto,Detroit,0,0.0,-110,-110,107,110,-3,-3,-3.0
317,Atlanta,Orlando,-7,-9.0,325,-425,91,101,-10,-3,-1.0
317,Chicago,Sacramento,-6.5,-6.5,230,-280,102,129,-27,-20.5,-20.5
317,Minnesota,Houston,-8,-9.5,425,-600,102,117,-15,-7,-5.5
317,Brooklyn,LAClippers,-5.5,-6.0,210,-260,116,119,-3,2.5,3.0
318,Detroit,Cleveland,6.5,6.5,-260,210,119,126,-7,-13.5,-13.5
318,Utah,Washington,4,5.5,-240,190,116,95,21,17,15.5
318,Denver,Boston,-2.5,-4.5,170,-200,114,105,9,11.5,13.5
318,NewYork,Toronto,-13,-12.5,750,-1200,92,128,-36,-23,-23.5
318,Miami,OklahomaCity,-4.5,-5.5,190,-240,116,107,9,13.5,14.5
318,GoldenState,SanAntonio,3,3.0,-150,130,105,111,-6,-9,-9.0
318,NewOrleans,Dallas,-3.5,-5.0,175,-210,129,125,4,7.5,9.0
318,Chicago,Phoenix,-2.5,-2.5,120,-140,116,101,15,17.5,17.5
318,Indiana,Portland,-2.5,-5.0,175,-210,98,106,-8,-5.5,-3.0
319,Philadelphia,Charlotte,1.5,-1.0,100,-120,118,114,4,2.5,5.0
319,Houston,Atlanta,8,8.0,-425,325,121,105,16,8,8.0
319,GoldenState,Minnesota,6.5,6.5,-300,240,117,107,10,3.5,3.5
319,LALakers,Milwaukee,-13.5,-11.5,550,-800,101,115,-14,-0.5,-2.5
319,Brooklyn,Sacramento,-2.5,-3.5,135,-155,123,121,2,4.5,5.5
319,Indiana,LAClippers,-4,-5.5,185,-230,109,115,-6,-2,-0.5
320,Milwaukee,Cleveland,10,5.5,-260,210,102,107,-5,-15,-10.5
320,NewOrleans,Orlando,-6,-9.5,400,-550,96,119,-23,-17,-13.5
320,Boston,Philadelphia,-2,-3.5,145,-170,115,118,-3,-1,0.5
320,Utah,NewYork,12,12.5,-1400,800,137,116,21,9,8.5
320,Washington,Chicago,2,4.0,-180,150,120,126,-6,-8,-10.0
320,Houston,Memphis,5,6.0,-260,210,125,126,-1,-6,-7.0
320,Miami,SanAntonio,-5.5,-5.5,210,-260,110,105,5,10.5,10.5
320,Toronto,OklahomaCity,-2.5,-5.0,180,-220,123,114,9,11.5,14.0
320,Dallas,Portland,-8.5,-10.0,425,-600,118,126,-8,0.5,2.0
321,Minnesota,Charlotte,-3,-6.0,210,-260,106,113,-7,-4,-1.0
321,Denver,Washington,5,8.5,-400,300,113,108,5,0,-3.5
321,Utah,Atlanta,7.5,7.5,-330,260,114,117,-3,-10.5,-10.5
321,Dallas,Sacramento,-6.5,-9.0,350,-450,100,116,-16,-9.5,-7.0
321,Detroit,Phoenix,5.5,7.0,-300,240,118,98,20,14.5,13.0
321,Indiana,GoldenState,-11,-10.5,500,-700,89,112,-23,-12,-12.5
322,Memphis,Orlando,-5,-10.5,500,-700,119,123,-4,1,6.5
322,Denver,NewYork,11.5,11.5,-900,600,111,93,18,6.5,6.5
322,LAClippers,Cleveland,7,6.5,-300,240,110,108,2,-5,-4.5
322,OklahomaCity,Toronto,-2.5,-2.0,115,-135,116,109,7,9.5,9.0
322,SanAntonio,Houston,-5.5,-6.0,220,-270,105,111,-6,-0.5,0.0
322,Miami,Milwaukee,-9.5,-7.5,270,-340,87,116,-29,-19.5,-21.5
322,Brooklyn,LALakers,0,2.5,-140,120,111,106,5,5,2.5
323,Boston,Charlotte,3.5,4.0,-180,150,117,124,-7,-10.5,-11.0
323,Miami,Washington,0,-1.0,100,-120,113,108,5,5,6.0
323,Philadelphia,Atlanta,8,7.5,-330,260,127,129,-2,-10,-9.5
323,Minnesota,Memphis,-1,-1.0,-105,-115,112,99,13,14,14.0
323,Utah,Chicago,10.5,11.0,-750,525,114,83,31,20.5,20.0
323,Dallas,GoldenState,-16,-13.5,800,-1400,126,91,35,51,48.5
323,Detroit,Portland,-4,-5.5,190,-240,112,117,-5,-1,0.5
323,Phoenix,Sacramento,-9.5,-10.5,450,-650,103,112,-9,0.5,1.5
324,LAClippers,NewYork,8.5,8.5,-450,350,124,113,11,2.5,2.5
324,Cleveland,Milwaukee,-13,-13.5,900,-1600,105,127,-22,-9,-8.5
324,Denver,Indiana,2.5,1.5,-125,105,88,124,-36,-38.5,-37.5
324,Charlotte,Toronto,-9,-11.5,600,-900,115,114,1,10,12.5
324,Houston,NewOrleans,7.5,10.0,-550,400,113,90,23,15.5,13.0
324,SanAntonio,Boston,-3,2.0,-135,115,115,96,19,22,17.0
324,Detroit,GoldenState,-9,-10.0,425,-600,114,121,-7,2,3.0
324,Sacramento,LALakers,1,0.0,-110,-110,106,111,-5,-6,-5.0
325,Philadelphia,Orlando,3,-2.0,115,-135,98,119,-21,-24,-19.0
325,OklahomaCity,Memphis,5,7.5,-350,275,103,115,-12,-17,-19.5
325,Phoenix,Utah,-15,-14.0,900,-1600,92,125,-33,-18,-19.0
325,Brooklyn,Portland,-5.5,-6.0,210,-260,144,148,-4,1.5,2.0
326,Boston,Cleveland,6.5,6.0,-250,200,116,106,10,3.5,4.0
326,SanAntonio,Charlotte,3,4.5,-190,160,116,125,-9,-12,-13.5
326,Orlando,Miami,-4.5,-3.5,142,-165,104,99,5,9.5,8.5
326,Chicago,Toronto,-13,-14.5,1000,-2000,103,112,-9,4,5.5
326,LAClippers,Minnesota,1.5,3.0,-150,130,122,111,11,9.5,8.0
326,Atlanta,NewOrleans,-2,2.5,-145,125,130,120,10,12,7.5
326,Houston,Milwaukee,-4.5,-2.5,125,-145,94,108,-14,-9.5,-11.5
326,Sacramento,Dallas,3.5,2.0,-130,110,125,121,4,0.5,2.0
326,Detroit,Denver,-7,-7.5,275,-350,92,95,-3,4,4.5
326,Washington,LALakers,0,-2.5,125,-145,106,124,-18,-18,-15.5
327,Indiana,OklahomaCity,-6,-6.5,240,-300,99,107,-8,-2,-1.5
327,GoldenState,Memphis,9.5,9.5,-600,425,118,103,15,5.5,5.5
327,Portland,Chicago,7.5,9.5,-450,350,118,98,20,12.5,10.5
327,Washington,Phoenix,2.5,1.0,-120,100,124,121,3,0.5,2.0
327,LALakers,Utah,-15.5,-16.0,1000,-2000,100,115,-15,0.5,1.0
328,Brooklyn,Philadelphia,-7.5,-7.0,255,-320,110,123,-13,-5.5,-6.0
328,Orlando,Detroit,-3,-3.0,135,-155,98,115,-17,-14,-14.0
328,Toronto,NewYork,12,10.0,-600,425,117,92,25,13,15.0
328,Dallas,Miami,-7.5,-6.5,220,-270,99,105,-6,1.5,0.5
328,Sacramento,NewOrleans,3,6.5,-265,215,118,121,-3,-6,-9.5
328,LAClippers,Milwaukee,-9,-10.5,450,-650,118,128,-10,-1,0.5
328,Denver,Houston,-4.5,-6.0,220,-270,85,112,-27,-22.5,-21.0
328,Cleveland,SanAntonio,-13,-12.0,650,-1000,110,116,-6,7,6.0
329,Indiana,Boston,-6.5,-7.0,240,-300,112,114,-2,4.5,5.0
329,Portland,Atlanta,4,2.5,-145,125,118,98,20,16,17.5
329,Denver,OklahomaCity,-4,-4.5,170,-200,115,105,10,14,14.5
329,GoldenState,Minnesota,9.5,10.0,-650,450,130,131,-1,-10.5,-11.0
329,Washington,Utah,-12,-13.0,850,-1500,124,128,-4,8,9.0
329,Charlotte,LALakers,0,1.5,-125,105,115,129,-14,-14,-15.5
330,Cleveland,LAClippers,-11,-9.0,316,-399,108,132,-24,-13,-15.0
330,Boston,Brooklyn,-4.5,-4.5,166,-195,96,110,-14,-9.5,-9.5
330,Sacramento,Houston,-9,-9.5,394,-515,108,119,-11,-2,-1.5
330,Portland,Detroit,-3.5,-4.5,172,-203,90,99,-9,-5.5,-4.5
330,Orlando,Indiana,-2,-1.5,105,-125,121,116,5,7,6.5
330,Miami,NewYork,7,7.0,-300,245,100,92,8,1,1.0
330,Philadelphia,Minnesota,4,4.5,-190,163,118,109,9,5,4.5
330,Toronto,Chicago,10,10.5,-540,410,124,101,23,13,12.5
330,Memphis,Phoenix,-2,2.5,-130,110,120,115,5,7,2.5
331,Milwaukee,Atlanta,8.5,2.0,-135,115,135,136,-1,-9.5,-3.0
331,Dallas,OklahomaCity,-12,-12.5,700,-1100,106,103,3,15,15.5
331,LALakers,NewOrleans,-4,-3.0,135,-155,130,102,28,32,31.0
331,Sacramento,SanAntonio,-7.5,-10.5,450,-650,113,106,7,14.5,17.5
331,Washington,Denver,-11,-10.5,500,-700,95,90,5,16,15.5
331,Charlotte,GoldenState,-12,-11.0,600,-900,90,137,-47,-35,-36.0
331,Memphis,LAClippers,-9,-10.0,425,-600,96,113,-17,-8,-7.0
401,Detroit,Indiana,-3.5,-5.5,190,-240,102,111,-9,-5.5,-3.5
401,Miami,Boston,-6.5,-7.0,240,-300,105,110,-5,1.5,2.0
401,Milwaukee,Brooklyn,1,-1.5,105,-125,131,121,10,9,11.5
401,Orlando,Toronto,-7,-6.5,225,-275,109,121,-12,-5,-5.5
401,Chicago,NewYork,-2,-3.5,142,-165,105,113,-8,-6,-4.5
401,Portland,Minnesota,3,3.5,-170,145,132,122,10,7,6.5
401,Philadelphia,Dallas,8.5,5.0,-220,180,102,122,-20,-28.5,-25.0
401,Charlotte,Utah,-11.5,-11.0,575,-850,102,111,-9,2.5,2.0
401,Cleveland,Phoenix,-1,-2.0,110,-130,113,122,-9,-8,-7.0
402,LALakers,OklahomaCity,-13,-12.5,750,-1200,103,119,-16,-3,-3.5
402,Atlanta,SanAntonio,-10,-11.0,550,-800,111,117,-6,4,5.0
402,Houston,Sacramento,5,5.5,-250,200,130,105,25,20,19.5
402,Denver,GoldenState,-7.5,-8.5,325,-425,102,116,-14,-6.5,-5.5
403,Indiana,Detroit,-2,-2.5,120,-140,108,89,19,21,21.5
403,NewYork,Orlando,-11.5,-13.0,750,-1200,100,114,-14,-2.5,-1.0
403,Chicago,Washington,-10.5,-9.5,400,-550,115,114,1,11.5,10.5
403,Philadelphia,Atlanta,3,4.5,-200,170,122,130,-8,-11,-12.5
403,Boston,Miami,0,-1.0,-105,-115,112,102,10,10,11.0
403,Toronto,Brooklyn,2,2.0,-130,110,115,105,10,8,8.0
403,Charlotte,NewOrleans,3,4.5,-190,160,115,109,6,3,1.5
403,Minnesota,Dallas,-1.5,-2.5,125,-145,110,108,2,3.5,4.5
403,SanAntonio,Denver,-4.5,-5.0,170,-200,85,113,-28,-23.5,-23.0
403,Utah,Phoenix,11,10.5,-650,450,118,97,21,10,10.5
403,Memphis,Portland,-10,-10.5,525,-750,89,116,-27,-17,-16.5
403,Houston,LAClippers,1,2.5,-145,125,135,103,32,31,29.5
404,Milwaukee,Philadelphia,4.5,4.0,-180,150,128,122,6,1.5,2.0
404,Cleveland,Sacramento,-10,-10.0,400,-550,104,117,-13,-3,-3.0
404,GoldenState,LALakers,13,13.5,-1400,800,108,90,18,5,4.5
405,SanAntonio,Washington,4.5,7.0,-300,240,129,112,17,12.5,10.0
405,Toronto,Charlotte,0,6.0,-270,220,111,113,-2,-2,-8.0
405,Atlanta,Orlando,-7.5,-9.0,325,-425,113,149,-36,-28.5,-27.0
405,NewYork,Houston,-17.5,-18.0,1600,-6000,96,120,-24,-6.5,-6.0
405,Boston,Indiana,1.5,0.0,-110,-110,117,97,20,18.5,20.0
405,Miami,Minnesota,1,4.0,-160,140,109,111,-2,-3,-6.0
405,Detroit,OklahomaCity,-7.5,-5.5,200,-250,110,123,-13,-5.5,-7.5
405,Memphis,Dallas,-4,-4.0,155,-185,122,112,10,14,14.0
405,Sacramento,Utah,-10.5,-10.0,425,-600,98,119,-21,-10.5,-11.0
405,NewOrleans,Phoenix,1.5,2.5,-140,120,126,133,-7,-8.5,-9.5
405,Cleveland,GoldenState,-17,-15.5,1200,-3000,114,120,-6,11,9.5
405,LALakers,LAClippers,-12,-11.5,550,-800,122,117,5,17,16.5
405,Portland,Denver,-5.5,-6.0,200,-250,110,119,-9,-3.5,-3.0
406,Brooklyn,Milwaukee,-7,-3.5,140,-160,133,128,5,12,8.5
406,Philadelphia,Chicago,9,10.5,-650,450,116,96,20,11,9.5
407,Miami,Toronto,-6.5,-5.5,200,-250,109,117,-8,-1.5,-2.5
407,SanAntonio,Cleveland,9,8.5,-425,325,112,90,22,13,13.5
407,OklahomaCity,Minnesota,4.5,6.5,-300,240,132,126,6,1.5,-0.5
407,Charlotte,Detroit,-6,-6.5,225,-275,104,91,13,19,19.5
407,Brooklyn,Indiana,-4,-2.5,120,-140,108,96,12,16,14.5
407,Dallas,Memphis,-2,0.0,-110,-110,129,127,2,4,2.0
407,Atlanta,Milwaukee,-10.5,-11.5,650,-1000,107,115,-8,2.5,3.5
407,Phoenix,Houston,-18.5,-18.5,1800,-8000,113,149,-36,-17.5,-17.5
407,Orlando,Boston,-5,-3.5,145,-170,116,108,8,13,11.5
407,Washington,NewYork,4,4.0,-180,150,110,113,-3,-7,-7.0
407,LAClippers,GoldenState,-10.5,-11.5,650,-1000,104,131,-27,-16.5,-15.5
407,Denver,Portland,-1,-8.5,350,-450,108,115,-7,-6,1.5
407,NewOrleans,Sacramento,-9,-11.5,550,-800,133,129,4,13,15.5
407,Utah,LALakers,11.5,12.0,-1100,700,109,113,-4,-15.5,-16.0
409,Memphis,Detroit,-9.5,-11.5,750,-1200,93,100,-7,2.5,4.5
409,Charlotte,Cleveland,6,8.5,-450,350,124,97,27,21,18.5
409,Boston,Washington,-4,-5.0,170,-200,116,110,6,10,11.0
409,Philadelphia,Miami,-3,-6.5,220,-270,99,122,-23,-20,-16.5
409,NewYork,Chicago,-1.5,-2.0,110,-130,96,86,10,11.5,12.0
409,Toronto,Minnesota,6.5,7.5,-350,275,120,100,20,13.5,12.5
409,GoldenState,NewOrleans,10,9.5,-500,375,112,103,9,-1,-0.5
409,Phoenix,Dallas,-7.5,-8.5,300,-400,109,120,-11,-3.5,-2.5
409,Denver,Utah,-2.5,-2.0,110,-130,108,118,-10,-7.5,-8.0
409,Houston,OklahomaCity,1,3.0,-150,130,111,112,-1,-2,-4.0
409,Portland,LALakers,9,9.5,-500,375,104,101,3,-6,-6.5
410,GoldenState,Memphis,7,5.0,-210,175,117,132,-15,-22,-20.0
410,OklahomaCity,Milwaukee,2,4.5,-200,170,127,116,11,9,6.5
410,Dallas,SanAntonio,-13,-14.5,900,-1600,94,105,-11,2,3.5
410,Chicago,Philadelphia,-8.5,-6.0,200,-250,109,125,-16,-7.5,-10.0
410,Orlando,Charlotte,1,-4.0,150,-180,122,114,8,7,12.0
410,Indiana,Atlanta,1.5,-5.0,180,-220,135,134,1,-0.5,6.0
410,Miami,Brooklyn,-3.5,-4.5,170,-200,94,113,-19,-15.5,-14.5
410,Detroit,NewYork,8.5,8.5,-420,320,115,89,26,17.5,17.5
410,Minnesota,Denver,-12,-12.5,700,-1100,95,99,-4,8,8.5
410,Sacramento,Portland,-7,-3.0,130,-150,131,136,-5,2,-2.0
410,Utah,LAClippers,-4,-8.0,280,-360,137,143,-6,-2,2.0
413,Brooklyn,Philadelphia,-7,-8.0,280,-360,111,102,9,16,17.0
413,Orlando,Toronto,-7.5,-9.5,375,-500,104,101,3,10.5,12.5
413,LAClippers,GoldenState,-11,-13.5,900,-1600,104,121,-17,-6,-3.5
413,SanAntonio,Denver,-5,-6.0,220,-270,101,96,5,10,11.0
414,Indiana,Boston,-7,-8.0,300,-400,74,84,-10,-3,-2.0
414,OklahomaCity,Portland,-4.5,-3.0,130,-150,99,104,-5,-0.5,-2.0
414,Detroit,Milwaukee,-11.5,-15.0,1100,-2500,86,121,-35,-23.5,-20.0
414,Utah,Houston,-5.5,-6.5,210,-260,90,122,-32,-26.5,-25.5
415,Brooklyn,Philadelphia,-7.5,-8.5,350,-450,123,145,-22,-14.5,-13.5
415,LAClippers,GoldenState,-14.5,-13.5,900,-1600,135,131,4,18.5,17.5
416,Orlando,Toronto,-8.5,-11.0,550,-800,82,111,-29,-20.5,-18.0
416,SanAntonio,Denver,-5.5,-7.0,260,-330,105,114,-9,-3.5,-2.0
416,OklahomaCity,Portland,-3,-1.0,-105,-115,94,114,-20,-17,-19.0
417,Indiana,Boston,-7.5,-8.0,275,-350,91,99,-8,-0.5,0.0
417,Detroit,Milwaukee,-14.5,-15.5,1200,-3000,99,120,-21,-6.5,-5.5
417,Utah,Houston,-6.5,-6.5,240,-300,98,118,-20,-13.5,-13.5
418,Philadelphia,Brooklyn,2.5,1.0,-115,-105,131,115,16,13.5,15.0
418,Denver,SanAntonio,-2,-4.5,163,-190,108,118,-10,-8,-5.5
418,GoldenState,LAClippers,7.5,9.0,-500,384,132,105,27,19.5,18.0
419,Toronto,Orlando,4,5.5,-220,184,98,93,5,1,-0.5
419,Boston,Indiana,-2,-2.5,115,-135,104,96,8,10,10.5
419,Portland,OklahomaCity,-7,-7.0,274,-340,108,120,-12,-5,-5.0
420,Philadelphia,Brooklyn,2,3.0,-152,133,112,108,4,2,1.0
420,Denver,SanAntonio,-3.5,-4.0,144,-165,117,103,14,17.5,18.0
420,Milwaukee,Detroit,8,9.0,-450,351,119,103,16,8,7.0
420,Houston,Utah,-2.5,-2.5,110,-130,104,101,3,5.5,5.5
421,Boston,Indiana,1,3.5,-160,140,110,106,4,3,0.5
421,GoldenState,LAClippers,9,9.5,-500,384,113,105,8,-1,-1.5
421,Toronto,Orlando,5,5.5,-230,192,107,85,22,17,16.5
421,Portland,OklahomaCity,-6,-5.5,195,-235,111,98,13,19,18.5
422,Milwaukee,Detroit,10.5,12.0,-900,614,127,104,23,12.5,11.0
422,Houston,Utah,1,2.0,-130,110,91,107,-16,-17,-18.0
423,SanAntonio,Denver,-5.5,-5.5,194,-232,90,108,-18,-12.5,-12.5
423,OklahomaCity,Portland,-3.5,-4.0,155,-180,115,118,-3,0.5,1.0
423,Orlando,Toronto,-11,-11.0,550,-777,96,115,-19,-8,-8.0
423,Brooklyn,Philadelphia,-7.5,-9.5,327,-415,100,122,-22,-14.5,-12.5
424,LAClippers,GoldenState,-14,-15.0,1198,-2600,129,121,8,22,23.0
424,Utah,Houston,-8.5,-8.5,306,-385,93,100,-7,1.5,1.5
425,Denver,SanAntonio,-2.5,-3.0,130,-150,103,120,-17,-14.5,-14.0
426,GoldenState,LAClippers,9,10.5,-600,447,129,110,19,10,8.5
427,SanAntonio,Denver,-5.5,-6.0,218,-265,86,90,-4,1.5,2.0
427,Philadelphia,Toronto,-5.5,-6.0,237,-290,95,108,-13,-7.5,-7.0
428,Boston,Milwaukee,-7.5,-8.0,326,-410,112,90,22,29.5,30.0
428,Houston,GoldenState,-6.5,-6.5,234,-285,100,104,-4,2.5,2.5
429,Philadelphia,Toronto,-6.5,-7.5,245,-300,94,89,5,11.5,12.5
429,Portland,Denver,-3.5,-4.0,162,-189,113,121,-8,-4.5,-4.0
430,Boston,Milwaukee,-7.5,-8.0,278,-345,102,123,-21,-13.5,-13.0
430,Houston,GoldenState,-6,-5.5,199,-240,109,115,-6,0,-0.5
501,Portland,Denver,-4,-4.0,155,-180,97,90,7,11,11.0
502,Toronto,Philadelphia,-1.5,1.5,-120,100,95,116,-21,-19.5,-22.5
503,Milwaukee,Boston,-1.5,-2.0,118,-138,123,116,7,8.5,9.0
503,Denver,Portland,-4.5,-5.0,188,-225,137,140,-3,1.5,2.0
504,GoldenState,Houston,-3.5,-3.5,148,-170,121,126,-5,-1.5,-1.5
505,Toronto,Philadelphia,1,-2.0,120,-140,101,96,5,4,7.0
505,Denver,Portland,-4.5,-3.0,121,-140,116,112,4,8.5,7.0
506,Milwaukee,Boston,-1.5,-1.0,-108,-112,113,101,12,13.5,13.0
506,GoldenState,Houston,-2,1.0,-115,-105,108,112,-4,-2,-5.0
507,Philadelphia,Toronto,-6.5,-6.0,211,-255,89,125,-36,-29.5,-30.0
507,Portland,Denver,-4.5,-5.0,170,-200,98,124,-26,-21.5,-21.0
508,Boston,Milwaukee,-9,-8.5,303,-380,91,116,-25,-16,-16.5
508,Houston,GoldenState,-5.5,-6.0,203,-245,99,104,-5,0.5,1.0
509,Toronto,Philadelphia,1,1.5,-126,106,101,112,-11,-12,-12.5
509,Denver,Portland,-3.5,-4.0,162,-188,108,119,-11,-7.5,-7.0
510,GoldenState,Houston,-6,-7.5,278,-345,118,113,5,11,12.5
512,Philadelphia,Toronto,-6.5,-5.5,203,-245,90,92,-2,4.5,3.5
512,Portland,Denver,-5.5,-5.5,221,-265,100,96,4,9.5,9.5
514,Portland,GoldenState,-8,-7.0,245,-300,94,116,-22,-14,-15.0
515,Toronto,Milwaukee,-6.5,-6.5,256,-315,100,108,-8,-1.5,-1.5
516,Portland,GoldenState,-8,-7.0,256,-315,111,114,-3,5,4.0
517,Toronto,Milwaukee,-7,-6.0,207,-250,103,125,-22,-15,-16.0
518,GoldenState,Portland,-2.5,-2.5,135,-155,110,99,11,13.5,13.5
519,Milwaukee,Toronto,-2.5,-2.5,112,-132,112,118,-6,-3.5,-3.5
520,GoldenState,Portland,3,2.0,-127,107,119,117,2,-1,0.0
521,Milwaukee,Toronto,2.5,3.0,-154,134,102,120,-18,-20.5,-21.0
523,Toronto,Milwaukee,-7,-7.5,278,-345,105,99,6,13,13.5
525,Milwaukee,Toronto,-2,-1.5,110,-130,94,100,-6,-4,-4.5
530,GoldenState,Toronto,1,-2.0,115,-135,109,118,-9,-10,-7.0
602,GoldenState,Toronto,1,-2.5,117,-137,109,104,5,4,7.5
605,Toronto,GoldenState,-5.5,-2.5,114,-134,123,109,14,19.5,16.5
607,Toronto,GoldenState,-4.5,-5.0,194,-233,105,92,13,17.5,18.0
610,GoldenState,Toronto,-3,-1.0,-107,-113,106,105,1,4,2.0
613,Toronto,GoldenState,-4,-2.5,124,-144,114,110,4,8,6.5
